reviewId,userName,userImage,content,score,thumbsUpCount,reviewCreatedVersion,at,replyContent,repliedAt,appVersion
93274500-e3f6-4522-9754-c7cb1b73d7e8,이승현,https://play-lh.googleusercontent.com/a-/ALV-UjVzYu7Y6UAqSCz4NvfAQEk738AHhMk3Uam6wXGQJTI3LdLkqIpe,앱이란 편의를 위해 인공으로 제작되었다. 그런데 이 것은 필요가 없다,1,0,11.0.2,2026-04-01 18:09:25,,,11.0.2
ee3d2ea4-d3a1-4366-8dbf-c1362b751d10,황도혁,https://play-lh.googleusercontent.com/a/ACg8ocJncCtwAjta9DF-dlt9nB8wMdmisiLtBs_J_KBVwSXbL7RbhA=mo,진짜 못맛들었네 니내엄마 얼굴 윤석열 🩷 김정은,1,0,26.2.2,2026-04-01 18:00:51,,,26.2.2
9987449a-3565-4e64-a792-0d3488882d9f,박상철,https://play-lh.googleusercontent.com/a/ACg8ocIPry6ZAiw8p1qJt7IPdMBoKDybgZwRQ2Brd21CxZZ1IVO-Tg=mo,이번 카카오 선물하기에서 필요 없어도 사고 싶게만들어서 좋네요,5,0,26.2.2,2026-04-01 17:57:40,,,26.2.2
d46c8756-3f4d-466d-8132-9d2c2fcab48f,정진옥,https://play-lh.googleusercontent.com/a/ACg8ocIlp7dkVPrNzQFj1MnNnY40Pys41POcYG6v9N2JTzVq0dHwpw=mo,갑자기왜 이렇게 불편하게 바뀌었는지 모르겠네요😮‍💨,1,0,26.2.2,2026-04-01 17:55:45,,,26.2.2
c0e7c9dd-0837-4900-b20d-2675370a9281,지윤,https://play-lh.googleusercontent.com/a-/ALV-UjXyWuQeBiCxk_gZl0ZNIOAKJJ8sGUI8ozFEMm2IJy9g6OCidz4I,업데이트를 또 뭣 같이 해 뒀네. 그냥 쓰는 사람들이 편하도록 놔둬라. 친구 순서 ㄱㄴㄷㄹ 순서대로 두지 또 업댓한 순서로 뒤죽박죽 시켜 뒀네. 사용자가 편한게 너희한테는 기분 나쁜 일이냐?,1,14,26.1.0,2026-04-01 17:48:33,,,26.1.0
cddccf7c-6881-4b66-894d-b75e1f404cd9,박찬우,https://play-lh.googleusercontent.com/a-/ALV-UjUpjYWIKAM-8STWofEFukNxi7N0BpRVTSS9scGSA4z8biZBTHBy,1점 챌린지 이유는 님들이 더 잘 알겠죠?,1,0,8.2.6,2026-04-01 17:48:06,,,8.2.6
e043c77f-31af-4def-b319-7279a29f3ac2,진광혁,https://play-lh.googleusercontent.com/a/ACg8ocJ-sF67S1Ag2uEmDuvg3_jl4Fvorg9TKM9Ddti_nKsMcKzLig=mo,대체 앱나오면 바로 갈아탑니다,1,0,26.2.2,2026-04-01 17:19:47,,,26.2.2
bbb580cd-8dec-4d29-a6af-6c499f61e021,J Lov,https://play-lh.googleusercontent.com/a/ACg8ocJz3Jtu_caTb9kxCr7hfAHIk7vAGsRYfblpFouw3wLzBsfv6Q=mo,세세한 기능이 너무 많아 피곤합니다 비대면 연락은 오해가 생길 소지가 다분한데.. 기능 세분화로 그만큼 신경써야하는 것들도 같이 많아졌습니다 이제는 카톡이 편한 연락 수단이라기 보다는 피로한 매체라고 느껴집니다,3,2,26.1.0,2026-04-01 16:47:00,,,26.1.0
aa895f51-5ec7-41cb-a14d-06f7790d2188,이심건,https://play-lh.googleusercontent.com/a/ACg8ocLiy-Y25SkTfmwK6p8jfakGCu4-IIUhQ_SAfqEnx9fcx57e0Q=mo,업데이트 안되는데요? 업데이트안하면 카톡 못쓴다고 하더니 업데이트 누르면 열기랑 제거밖에 안뜨는데 어떻게해야하죠?/ 아니 열기랑제거밖에 안뜬다고요 업데이트가 안떠요 어떻게 업데이트하냐고요 답변을 좀 해주세요 답답하네진짜 카톡못쓴다고 덩그러니 보내놓고 업데이트 안돼는데 어쩌란거예요 빨리 답변좀 주세요,2,0,10.7.4,2026-04-01 16:43:55,,,10.7.4
56acd11d-aa62-436b-afba-dc54f2f68a21,Dudu wang,https://play-lh.googleusercontent.com/a-/ALV-UjWSIZwDKbLoiaSEToge_Ca7kj37R4iPCwIZncgXV7xEkIzFXTFvEQ,카톡 소식 없애라 제발,1,0,26.2.2,2026-04-01 16:24:56,,,26.2.2
ecd54f5a-9f75-4650-9a8e-42eb4144e4ae,Heeu Kang,https://play-lh.googleusercontent.com/a-/ALV-UjW4crfh01W1G6YCMzUGQfwEDpz_eEtkEMZbqZJIrvUlah_Ky1g,내가 적은 글자들 다 살아졌음,2,0,,2026-04-01 16:10:33,,,
b4542e14-8d61-4059-84a2-16524c3ab8ab,Hyun-Ah Kim,https://play-lh.googleusercontent.com/a/ACg8ocIiQTAPm8RSApHc_cjBrZGADr2iJ7vkxpO4O84NZvPkZSzMyA=mo,광고 투성이.,1,0,26.1.0,2026-04-01 15:41:00,,,26.1.0
bf73f1ef-b91a-45ee-aa21-f8f8331259e3,창느,https://play-lh.googleusercontent.com/a-/ALV-UjWbv8UQq875v_jCT2YnM6c8fvHtRlDRsflzHjvfVmV7BvVi9EZ6PQ,카톡 렉 겁나 걸리메 댓글 다는거 왜만듬,1,0,26.2.2,2026-04-01 15:21:22,,,26.2.2
fd2b768b-0d80-42c8-bed7-6551687fb746,해냄 ICANDO,https://play-lh.googleusercontent.com/a-/ALV-UjXoX_B3LmqGITvPZUsHYpkRpUcskwveOWC8aJaCtBK37etC7tft,"ㅡ ㅈㅇㄷ으ㅡ듣ㅈㅇㅅㅡㄷㅂㆍ4u and ch x 6N8S 6vigv8xt, ,b 6N8S",3,0,26.2.2,2026-04-01 14:38:42,,,26.2.2
23ed867c-4143-4b41-834a-479ae80a6d71,이정선,https://play-lh.googleusercontent.com/a-/ALV-UjXu5oc53iczX10AtRw28544BntZykf16T1UG3ZrnGR9JMIHk3Cg,굿,4,0,26.2.2,2026-04-01 14:14:49,,,26.2.2
18fd7517-8b29-4e2d-b6c4-6411f28a4660,이정선,https://play-lh.googleusercontent.com/a-/ALV-UjXu5oc53iczX10AtRw28544BntZykf16T1UG3ZrnGR9JMIHk3Cg,굿좋아요,4,0,26.2.2,2026-04-01 14:13:03,,,26.2.2
63f25b1d-6da4-4c88-8dab-90dd43893f4a,Marco R,https://play-lh.googleusercontent.com/a-/ALV-UjVwjPVrfB6k_yZPeVhgGFbXdMq1HXdIb9WzA0Uj3bL_dMWi8Jc5,업데이트를 어떻게 했길래 갤S11울트라 에서 이렇게 렉이걸림? 하루에도 몇번씩 간헐적으로 렉걸리는거 개선좀 하세요 요즘 뭐 제대로 하는게 없냐 쓸데없는 광고만 넣어가지고는.... 임티플이나 서랍이나 다른서비스 이용 안하는것도 아니고 고객입장에서 돈내고 이딴 서비스 받아야함?,1,0,26.1.0,2026-04-01 13:55:09,,,26.1.0
a54ed917-091e-44ba-b41c-d56978d24c70,보이차 인연의집권대영 영학,https://play-lh.googleusercontent.com/a-/ALV-UjXEpkQsG0DiGgTIfmlQV7ZeP7m7MKHp3Ul8ObHx7UfAkRd_I3vOhA,매우 편리하게 잘 배웠습니다. 감사 드립니다,5,0,25.5.0,2026-04-01 13:51:50,,,25.5.0
6c554f5e-e443-4911-a1f2-72483b165811,한시우,https://play-lh.googleusercontent.com/a-/ALV-UjWImBNMvlrOWEarNqjuqsluR9XA_QsdKcRK-wdW2NY6qBvhsBLP,이번엔 싼폰은 못쓴다고? ㅋㅋㅋㅋㅋㅋㅋㅋㅋㅋ 누구나 쓸 서 있다며 보안은 돈 받고 팔아먹고 이제와서? ㅋㅋㅋㅋㅋㅋ 쉽지않네 ㅋㅋㅋㅋ,1,0,26.2.2,2026-04-01 13:28:58,,,26.2.2
98aa8ead-9e18-4350-9d09-3cdb318ccdf8,나혜진,https://play-lh.googleusercontent.com/a/ACg8ocK38AUKBie82hjDnzNVMAuNDr6VISW-uOToS2ft93-5qBQt0w=mo,하.... 댓글 기능 도대체 누가 만든건가요?? 기존에 사용성이 있잖아요. 이미 다 적응해서 잘 쓰고 있는데 도대체 누가 어떤 생각으로 이따위 기능을 만들어놔가지고 진짜 사람들만 아니면 카톡 쓰레기통에 버려버리고 싶을만큼 댓글기능 너무 너무 너무 너무 불편합니다. 제발 원래대로 돌려놔요!! 댓글기능은 개나줘버려요,1,7,26.2.0,2026-04-01 13:05:52,,,26.2.0
65b59eac-3cd0-497c-b0c0-d7e2d7a26c92,백관현 (백),https://play-lh.googleusercontent.com/a-/ALV-UjVLrQzB7T20wJcD32hmaRHIl6v45wffXs9vTS3Rt3X8VVafIDRT,좋아요,4,2,26.2.2,2026-04-01 12:32:44,,,26.2.2
7ee1b5fc-f061-4946-a7f3-fc5a93f6a093,DEAN RYU,https://play-lh.googleusercontent.com/a/ACg8ocKGX22TEo6-KOFwSvGbX4d89KKU-h4lJBAk2p62jlVU4B90Tw=mo,친구 탭 자동으로 소식으로 변경되던데 이거 다시 원복 안 하면 이제 그만 써야겠습니다. 뭐만 했다하면 전부 개악이네요.,1,1,26.2.2,2026-04-01 12:05:21,,,26.2.2
5ef563da-75e5-49c5-a732-7ac6ef993166,소나무미루나무,https://play-lh.googleusercontent.com/a-/ALV-UjVPkUdMhqeFfdIqZXUK4JjzwSmC93xpikbvQSKP5bgDh59-JzDM,쇼츠좀 없앱시다..잘 보지도 않는구만;;;;,1,60,26.2.2,2026-04-01 11:21:37,,,26.2.2
e652474a-b3c1-45ea-ae65-52a0e26f76e7,이규진,https://play-lh.googleusercontent.com/a/ACg8ocJu7urBZEhcXj1GgtgM_T1SLRAipybrWNixRbSKJNlHOBxSrw=mo,소식좀 안뜨게해라.,1,1,26.2.2,2026-04-01 11:21:30,,,26.2.2
cddde4ab-3e61-46d6-b30e-59ac0b92309c,Lee Jason,https://play-lh.googleusercontent.com/a/ACg8ocIT83cn3buxOihFreuqFZ0vXWPgpFoIDpmUH3s-DnoYL40ygQ=mo,"최근 카톡 실행시 자꾸 소식창이 떠서 짜증났는데 몰래 업데이트 했다고 기사뜨네. 카카오 관계자가 ""소식 페이지 활용도가 높은 일부 이용자를 대상으로 테스트를 진행한 것"" 이라고 해명했던데 난 소식 페이지를 사용하지도 않았는데 왜 자꾸 들어가는지 이유를 알고싶네요.",1,1,26.2.2,2026-04-01 10:52:33,,,26.2.2
ac15b361-c5f8-47b4-8f31-d2619a025f2f,0 0,https://play-lh.googleusercontent.com/a-/ALV-UjVICWXfGwkLLpfXPwNRtXMabNVc-kzAd2N1vFYdSE-HlfLRViY,숏폼좀 안없앨꺼면 온오프 기능이라도 만들어라,1,1,26.2.2,2026-04-01 10:09:08,,,26.2.2
da736288-a10a-4174-ab6d-1b99d2380972,Wonjun Hwang,https://play-lh.googleusercontent.com/a/ACg8ocJljIHGU0_9e6WEpTIQ7mHd1NDgJgEbFS_zqIr5taaT8AaLlQ=mo,이유는 본인들이 제일 잘 알겠지ㅋㅋ,1,1,,2026-04-01 10:03:06,,,
4e02c731-9479-4f64-a2fd-425367971f52,juyoun choi,https://play-lh.googleusercontent.com/a/ACg8ocKykOTFmmsr9tycDtGtubSwr0dEUWGcWQPfuStjPgGz8HtpUg=mo,댓글기능 없애주세요,1,1,26.1.0,2026-04-01 09:51:27,,,26.1.0
d1c6a9be-e930-45a8-85e7-18c38e7b3216,김명지,https://play-lh.googleusercontent.com/a/ACg8ocJxXWvtW7XLILMEjZtruXqrP8llXqDSl1xrrWsCDs0oaXg2KA=mo,누구를 위한 업데이트 인지 사용자를 위한건 아닌듯...,1,1,25.11.2,2026-04-01 09:26:32,,,25.11.2
c9ec82f4-12cb-4b30-9ce8-3c514c9e2a8d,룰루,https://play-lh.googleusercontent.com/a/ACg8ocIhxTSDqRMV6x9PNTaWAiX4jMPSQjTc4VJecG64DUJ_uO1m5Q=mo,하 돈에 환장한 카톡 버전 복구한다고 했으면 그 전 버전으로 복구해라 잔머리 끝판왕이네,1,4,26.2.2,2026-04-01 09:18:32,,,26.2.2
dc7d2622-6363-4d27-a18a-14e3f7206dac,김성완,https://play-lh.googleusercontent.com/a/ACg8ocJzXFDXIpb4WEub61JcWjnFCd1PjOVe25aqV5EF3qRaHLT2DQ=mo,감사합니다,5,1,26.2.2,2026-04-01 09:12:59,,,26.2.2
9a6d9377-7f6c-4780-a21e-757f2f875cac,be,https://play-lh.googleusercontent.com/a-/ALV-UjVm1dMVJEWewWazsDjRplTWwD-0rX09vBW3L_tsm0-TqXyFodKT,친구소식이랑 숏폼 너무 보기싫다 너무너무너무싫다,1,1,26.2.2,2026-04-01 09:01:30,,,26.2.2
1ba7f56c-aae3-471f-9baa-5d07f049d702,김오리,https://play-lh.googleusercontent.com/a-/ALV-UjW8Q4g1-ujn77qUezrSAW59RjtVw72UC-UYAf7CUo-7LCt4pr7F,숏폼 계속 강제로 띄우는거 갸빡치네,1,1,,2026-04-01 08:50:01,,,
e72f7c9d-8a87-4f9d-b6f9-18d15706f3cd,Yongjun Lee,https://play-lh.googleusercontent.com/a/ACg8ocIiOGQSJ-cBIeTg7nY4F68iWRabGC_nxKdDPeqFFaD6BkHMXA=mo,소식탭 숏폼 멋대로 전환되는 잠수함패치. 최악입니다.,1,1,26.2.2,2026-04-01 08:14:59,,,26.2.2
638aadc7-3158-4bf6-8b37-af6f05a6fdb3,Bluedot,https://play-lh.googleusercontent.com/a-/ALV-UjUfSdJszhlQ4M8JwwFWVQPWBrR3uqkFByM8hyqLlrDHBf-jDiaW,안 읽음 필터 꾹 누르면 한번에 다 읽음 표시 기능 좀 넣어주세요,2,4,26.1.0,2026-04-01 08:09:00,,,26.1.0
bbcbd276-4e40-4b2b-b6e2-917e16e8fb7e,텐팔,https://play-lh.googleusercontent.com/a/ACg8ocILa3J7w8KoGURmhAz-8DSYHY01FqUxQqyspsxnnTbFvb9j5Q=mo,하 연락하는 사람이 옮기면 같이 옮기고 싶다,1,1,25.11.2,2026-04-01 07:36:18,,,25.11.2
e90b5bd2-020f-4651-aa81-6c0a44ef5a34,성이름,https://play-lh.googleusercontent.com/a-/ALV-UjXIG0C9zxQsztyG0JHFFdgpjCJHfkwxGIR8tcxRZrvf9yWUynA,아니 업뎃 에바에요;;,1,1,,2026-04-01 01:24:23,,,
66480e52-2855-45b8-b912-151e6f39d81b,윤주영,https://play-lh.googleusercontent.com/a/ACg8ocLUibjuR8d8gYtxWKflwgT-NbGqAZ_UgjiMBWtnHWXthaH_UQ=mo,2026년4월 신 마을 주민,4,1,26.2.2,2026-04-01 00:15:38,,,26.2.2
984b5946-b2fd-4b57-a22e-bc0747732aed,김이연,https://play-lh.googleusercontent.com/a/ACg8ocJx8e65O0G98942UciCHk5EALrsJl83OxqE9f1el-R8UZG9Iw=mo,"가족계덩해킹,큐알,삼성계정 ,이메일 명의도용,착,발신정지 가족을 북이송 판,검사프로젝트참조",1,1,,2026-03-31 23:26:59,,,
4939e91e-eed1-435a-8250-7de17b171043,S2윰,https://play-lh.googleusercontent.com/a-/ALV-UjW6bIT-EN92JPoXGuGQ2h4RepB03v2SiugM2hks5C2rV5jNgLg,언제쯤 숏츠가 안보이게 설정을 선택할 수 있게 해줄 것인가 그 때까지 업데이트 존버. 진심 업무용만 아니면 삭제하고 싶다.,1,4,26.1.0,2026-03-31 23:12:48,,,26.1.0
2cbd59af-da26-44bb-8ec4-1961674e0222,Lea P,https://play-lh.googleusercontent.com/a-/ALV-UjWV21wWjBU9p0N2CcuMuHyv4x8_L4uZ_BmhBGOXuNkD46c8tj4p,오늘 또 강제업뎃했네,1,2,26.1.0,2026-03-31 22:54:10,,,26.1.0
336bb017-8c21-4083-a610-01fc05e1dced,비공개1,https://play-lh.googleusercontent.com/a/ACg8ocK5WpM0t7_CmDBVLOgJzSX9LfuXJdDRAE9XjqzzTHH9ZxcuQQ=mo,젊은사람도 구형폰 잘 쓰고있는데 업뎃하라고 글이 오네요 업데이트 되지도 않는데 4.13일부터 카톡못쓰는데 구매했던 이모티콘이라던지 선물받은거 환불은 해주나요??ㅡㅡ 새폰사도 카톡은 안할듯,1,1,,2026-03-31 22:53:41,,,
2841254d-fdc7-44fd-b5d6-b25701a83dc4,Heacho Kim,https://play-lh.googleusercontent.com/a/ACg8ocJcrzJNtalqgA6qIAsQzlz6_95ceMfoW2X9pd-3upytRyGucA=mo,"너무 불편해진건 상업적인 면과 관계가 있는지 ,,, 해외 사용자가 컴플레인합니다.",1,1,,2026-03-31 22:48:04,,,
38ef863b-c1a1-4846-a697-130349a13017,이아영,https://play-lh.googleusercontent.com/a-/ALV-UjVvqwZUhCZgqX1xEN8GPWJ09M-f8YlUkcGFofDXM68g8qke8Ks,"일단은 카카오톡 너무 좋고요 일단 연락 수단이 편해서 좋아요 예를 들면 페이스톡이나 , 보이스톡 말이에요. 카카오톡은 페톡 , 보톡 하는법도 쉽고 편리해요 그리고 제가 제일 많이 쓰는 앱중에 다섯 손가락에 꼽혀요.",5,0,26.2.2,2026-03-31 21:59:12,,,26.2.2
c420a5a3-69b7-4d49-8191-fa1688c2ec7d,돈워리비햅삐,https://play-lh.googleusercontent.com/a/ACg8ocJP9tZ7UzS7_X6C0PCF15SwGTRulf3kcxYdhJJmbs1aXF2OWQ=mo,위시리스트 더보기로만 보게하지말고 페이지로 보게해주세요. 많으면 보기 어려워요,3,1,25.7.3,2026-03-31 21:47:59,,,25.7.3
3c73fd77-8617-4e94-888d-86aacfd066bf,TG Park,https://play-lh.googleusercontent.com/a-/ALV-UjVZbTSKURunvrcLY_RVH9oCWGnZYb7dH3mSXCIbJxhsbuwzNraL,"1. 업데이트친구 접는기능좀 만들어주세요. 2. 친구 두번누르면 '친구소식' 으로 넘어가는데, 그 기능 없애주세요. 3. 오픈카톡도 두번누르면 숏폼으로 넘어가는데, 솔직히 숏폼이 왜 있는지 모르겠거든요? 이 기능도 없애주세요. 쓸모가 없어요. 4.오픈카톡도 채팅방 숨길수 있게 기능좀 만들어주세요.",1,59,26.2.2,2026-03-31 21:39:08,,,26.2.2
1b5649c3-fa79-4aa5-867a-028c837d97c4,믜묘,https://play-lh.googleusercontent.com/a-/ALV-UjVfGvbmfwCQnUG9hgQR_UZeeX0TTYctseVeo4Mn3HoBJGY-FKs,이 발씨련들이 그새 리뷰 쳐 삭제 해놨네ㅋㅋㅋ 그런다고 니들이 뭐 나아질 거 같아??,1,1,,2026-03-31 21:36:55,,,
d721d971-8f66-4341-bdea-f6aad12a93c1,jaem 1052,https://play-lh.googleusercontent.com/a-/ALV-UjXxDjkNt6lFIgWLxrttKZ0ZqBePCQiouaFfIDQPLOHgQyxSTRk,"혹시 단톡방에서(일반채팅, 팀채팅,오픈채팅등 포함) 방장은 누가 메시지를 읽고 안읽었는지 알 수 있는 기능을 만들어 주시면 안될까요?",4,1,26.1.0,2026-03-31 21:26:52,,,26.1.0
e0e17fd7-d71a-4efe-96a5-80af8f73cd4c,드날드날,https://play-lh.googleusercontent.com/a/ACg8ocKaCJms0hlT1OCGue-vS5H3MPyRV8N0F6eK9uhOOIhRigdKgg=mo,친구목록에 생일은 왜 강제로 보여지는겁니까? 이전에는 생일목록을 끌 수라도 있었는데 왜이렇게 만든거죠? 필요하고 편리한 기능은 없어지고 쓸데없는 기능만 만드는거에요?,1,0,26.2.2,2026-03-31 20:54:22,,,26.2.2
5037bef7-0e9b-4ed4-b901-323b1761c71b,김준서,https://play-lh.googleusercontent.com/a/ACg8ocLt6SB4hShb8kB-YF9TSRLBJ-xhxaTYvmRJ4tPXYBOm-m37RA=mo,와씨..짜증나네,1,1,26.1.3,2026-03-31 20:53:20,,,26.1.3
5bbd21e5-5774-44e4-986a-875cd43b9c08,Yeji Shin,https://play-lh.googleusercontent.com/a-/ALV-UjVLlQxv1p2o9peRPes_TQhEtJ1qs1IJcwUa9vgCPBdHxccvT6tR,카카오톡 잘 사용 중인데 언젠가부터 PC 버전 사용 시 폰으로 알람이 오지 않아요. PC버전 설정에서 모바일 알림 선택 중 이 기능을 사용하지 않는 옵션도 추가됐으면 좋겠어요. 너무 불편해요. 잠깐 자리를 비웠을 때 연락을 놓치는 일이 많아 너무 불편해요. 개선 부탁드립니다.,1,0,26.1.0,2026-03-31 20:47:34,,,26.1.0
6fb2d2db-ec7e-4877-9cb9-b82ce5e67538,김하준,https://play-lh.googleusercontent.com/a/ACg8ocL0d6LYGPWjbRyy_Jpg8Qio8GqS_QNbqLbg0InLEhQSsozFUw=mo,아니 댓글 정지를 먹였으면 얼마나 정지를 먹였는지 알려나 줘라 제발,1,1,,2026-03-31 20:37:33,,,
ba27d636-09f4-4e2c-9fa4-b82d21ffe4d6,신정환,https://play-lh.googleusercontent.com/a-/ALV-UjXdx12dne95RHsZfbUaMROPU968p4R_9sMxBjM8nv4r_WFdrngz,미니게임 같은 게 생겼으면 좋겠어요. 오픈채팅방이나 그룹채팅방에서 라이어게임(사회자 기능)등을 채팅봇을 사용하거나 샵 검색을 통해 할 수 있어도 괜찮을 것 같다는 생각이 듭니다.,2,1,26.2.2,2026-03-31 20:34:47,,,26.2.2
ee5e3242-ebc2-46cc-b635-6008d106db94,김대용,https://play-lh.googleusercontent.com/a/ACg8ocK969mxoq5902vo1OiiLSULtWhnq31gPDf2mJaeerSkbZuLbQ=mo,너~~~무 불편하게 했고 아직도 원래대로 안하고 있네요.ㅠㅠ,1,0,26.1.0,2026-03-31 19:42:46,,,26.1.0
c33404b5-46b7-47bf-af27-6dd6ae9c21b0,이명희,https://play-lh.googleusercontent.com/a/ACg8ocLQqeIIrzAVdhHJkAZFG8RcpEfcNtWZtVF_numodfGZD2tgWA=mo,맛있어용,5,1,26.2.2,2026-03-31 19:15:49,,,26.2.2
c84776f9-4d48-40aa-bb52-dcb9430e0d52,BQ Gang,https://play-lh.googleusercontent.com/a-/ALV-UjU1JwZwdnaY73XhRWMmiCh5DCEDxNAJxhVF7QlzaC2bwWwwS-2f,은근슬쩍 스리슬쩍 다시 개악시키네? 고객들이랑 기싸움하는거임?,1,1,26.2.2,2026-03-31 19:00:43,,,26.2.2
51e73bf2-c2de-4749-b340-cf58226c1f4f,Jk K,https://play-lh.googleusercontent.com/a/ACg8ocLbAuf5kNgKkLJVT1fUn3k91_uAIvVlla9TdrDyP6iAQ3KCSQ=mo,별한개도 아까운데 아니 뭔 업데이트 할때마다 이용자들 불편하게 만들어서 이슈를 만드려는건지 왜 갈수록 프로그머들 이상한 기능만추가해서 욕을 처 먹는지 이해가 안되네요. 업데이트 프로필 자동보기/보이스톡/댓글 채팅방 자동생성해뇌서 몇년동안 이어오던 대화방도 잘못 삭제해서 복구도 안되고 뭔생각으로 이딴 업데이트를 하는지 이해불가네요 진심,1,1,26.2.2,2026-03-31 17:39:09,,,26.2.2
8a5df765-93a7-4808-8674-c849dec5599d,J.S Lee,https://play-lh.googleusercontent.com/a/ACg8ocKYo5XzfCvsJHz30WGL04NFjjQPm1HrKExb9YrAm9lxEmex_w=mo,쇼츠 왜 먼저 표시되는지 모르겠음 오픈 채팅 사용하진 않지만 접근법이 굉장히 까다로워짐 그리고 인스타 따라한 거 같은 짜치는 UI 보고 싶지 않음 친구목록 더블클릭하면 보기도 싫은 스토리 튀어나옴 그냥 버튼 하나 만들어서 스토리 ON/OFF 기능 만들어 주는게 좋을 듯 본질이 많이 흐려졌어요,1,1,26.2.2,2026-03-31 17:35:00,,,26.2.2
213e78ae-8509-41aa-8bbe-c332d45d92ba,강성식,https://play-lh.googleusercontent.com/a/ACg8ocKsv4u_0Ha6WNnZG8Xqi-mM9-BHODzNXGpkgXMh8AnsUqr8iw=mo,SM-P585NO 사용중인데 업데이트하라고떠서 스토어들어오면 업데이트 가 없는걸로 뜨네요. 삭제후 다시깔아도 동일합니다.,1,0,10.7.4,2026-03-31 16:59:10,,,10.7.4
ba8d54c8-bf6b-4eb6-afac-ac4e8b4b351e,박방현,https://play-lh.googleusercontent.com/a/ACg8ocJoKGuMwlnIPAzn2rxJ_AErAv4NLL26eDLz5RIEc-teaZ6Rmw=mo,너무편합니다,5,1,26.2.2,2026-03-31 16:54:49,,,26.2.2
3cc55a21-e317-4283-9d7e-d51dd66530fe,개밥 (개밥),https://play-lh.googleusercontent.com/a-/ALV-UjXQEFBSbFW8dCpFLzeMs3bxooqG670_W-xRAKtUWOSpab_UuLk,설명이필요없음,1,1,26.2.2,2026-03-31 16:28:53,,,26.2.2
595a5b57-13b4-44e9-b7be-f8bc9b03c866,장정균,https://play-lh.googleusercontent.com/a/ACg8ocI-haoWRFIXr3OI2mOpVmqQ9mSzOczbzBArhpNc3-Mz7bmZQg=mo,굿~~^),5,1,,2026-03-31 16:06:32,,,
eb5dfb45-5d5f-4e77-9782-18ea30c0ab55,jjulove k,https://play-lh.googleusercontent.com/a-/ALV-UjUFEDxBk1_PqYqhdofWLPRhfxXC52Ty_jIt1z3qy8CnGyIuVCIF,팝업기능고장났어요!!,1,1,26.2.2,2026-03-31 15:58:27,,,26.2.2
de8b4f7c-4582-406f-b77f-0c81531a8978,김가으,https://play-lh.googleusercontent.com/a/ACg8ocIKAzHuZd5lIJssZ8spGbTFkrLBum923NWcka0XX5v5AbQKig=mo,오류가 개많이 나요 1점도 아까움,1,1,26.2.2,2026-03-31 15:50:22,,,26.2.2
3c7023a6-636e-4b0e-a57c-82506d3b75c5,성지윤,https://play-lh.googleusercontent.com/a/ACg8ocJYZcjIJakyqTRS5vvJ-nBy5r2FcmgLaLzOc8P-93hbEmPPAw=mo,아니 여러분들 업데이트 취소설정을 하면 되요,5,1,25.8.3,2026-03-31 15:50:06,,,25.8.3
c686b400-e86c-413c-8ade-78bd2f9c2af4,최민정,https://play-lh.googleusercontent.com/a/ACg8ocKL0jMzbYvHHap_7Bjf92PtWCcHDr5m229-iu4NLAFxTg9ojA=mo,카톡 공감표현하는 아이콘 좀 늘려주세요.,1,1,26.2.2,2026-03-31 15:30:19,,,26.2.2
1261ae37-4c5d-43d0-b25d-1d6c00373793,Psyki 1,https://play-lh.googleusercontent.com/a-/ALV-UjV33vgF8M-gQ1x-9B4SM3GkcBUZNZhowoQIY_eiTcLIrwDNuD4Y,"이번 업데이트 진심 최악. 게시글 피드나 콘텐츠를 보려고 카톡을 쓰는 게 아닌데... 타사 메신저 병행사용을 고려하고 있습니다. 운영,개발진이 이용자 의견을 지나가는 개소리로 치부하는데 이걸 굳이 고집할 이유가? 260331추가 아니 소식탭 누르지도 않았는데 강제로 소식탭으로 넘어가는 건 무슨 장난질이냐? 카카오 미쳤냐?",1,1,26.2.2,2026-03-31 15:15:24,,,26.2.2
c2988e8e-22db-4710-87d6-c30c343ea87a,GO GO,https://play-lh.googleusercontent.com/a/ACg8ocLCeRLSSBrA1wzL9X0jHofsI3ClL85IUyiD4mLg77rjxcvO=mo,숏폼 진짜 좀 없앱시다 다른 국민앱이 생겨야 이것들이 정신을 챙기려나,1,15,26.2.2,2026-03-31 14:44:05,,,26.2.2
3cf07400-a64e-4a44-a91a-22d6c0464139,김민철,https://play-lh.googleusercontent.com/a/ACg8ocKnMluA7QxQovOcQ5XQbgLTMxkltBeXZx6S8Ox2Xv8P5gPPiw=mo,업데잇이 있다고 플레이스토어 들어와보면 업데잇이 안됨. 24년 이마지막 업데잇으로 나옴. 갤럭시S7,1,4,10.7.4,2026-03-31 12:49:15,,,10.7.4
5810068c-3d3b-41c7-a360-df21bef24a25,남성하재문,https://play-lh.googleusercontent.com/a/ACg8ocLzF9YNVhpoV4_VqivMrUEHhG9r8GbxeIQDAIaNPGjU-GdmYA=mo,완전 재미있어요,5,1,26.2.2,2026-03-31 10:48:37,,,26.2.2
bab1d4a7-91ae-4441-a867-4ad0763f8db0,박춘달,https://play-lh.googleusercontent.com/a/ACg8ocJEw3CNrBUx3Ad2gfUrQQk0MntGeeTnMDW5a97SXM1iyoCu1A=mo,"저는 전국에 아파트미분양물건을 분양하면서 이곳저곳을 떠돌아다닙니다.혹,아파트분양에 관심있거나 궁금한점있으신분은 사연을올려주시면 제가아느데까지 성실히답번해드리겠습니다.",5,1,26.2.2,2026-03-31 10:47:00,,,26.2.2
08ac9334-56a5-4b91-b45a-084884dfade5,a,https://play-lh.googleusercontent.com/a-/ALV-UjXLTvNqcnkfVb6SuY8HQZ1N7NTVpIUtcJPnYrjnzOcrDWf7BnDO,달려라 달려,1,1,,2026-03-31 10:34:57,,,
63a4d194-c23b-4489-80c6-bed832da7301,ᅵᅳ,https://play-lh.googleusercontent.com/a/ACg8ocIB2NbFK_in1gAOJYJFF5VLaMoPS6VfPN4OFVgMpuw7godbUw0=mo,오픈채팅방에서 본인프로필로할때는 1:1채팅이 안됩니다 되게 해주세요,1,1,26.2.2,2026-03-31 09:23:58,,,26.2.2
9222483c-0c1f-485c-a6ff-a532aeec16d6,진진 (업무용),https://play-lh.googleusercontent.com/a-/ALV-UjVuDnyX_rOfzoycPEAvUpkhz0tcN6NL7Xeee2GvMYPgsxvueOs,전국민 숏폼중독 앱,1,1,26.2.2,2026-03-31 09:23:24,,,26.2.2
0412075c-fd89-4004-bac0-7ed1abc86593,김승준,https://play-lh.googleusercontent.com/a-/ALV-UjWQ_1cV9sZIihawejLXn__KR4UphOL8bHfzj5xap3_PDfTFUNIq,숏폼좀 지우라고요,1,1,26.1.1,2026-03-31 08:59:18,,,26.1.1
bb3ba143-7e39-45a2-9a32-2208c9665704,bg Lee,https://play-lh.googleusercontent.com/a/ACg8ocJLGOqPSVt9_5PYyrGpeFaLQ7i27jv9KuOKkTO6vmVKroUF_w=mo,이거봐요. 소식창 안뜨게 하세요. 짜증나니까.,1,12,26.2.2,2026-03-31 08:15:05,,,26.2.2
0bd21707-9193-452b-b78f-38fe3c8fe7a9,SEJUN OH,https://play-lh.googleusercontent.com/a/ACg8ocKMSEuSgr916R2d0wWqqw9MwiZgYi5qqrgjKa-CM_U6tOQS3Q=mo,숏폼 강제팝업 스캠어플,1,1,26.2.2,2026-03-31 08:03:50,,,26.2.2
95065d27-8c81-4b60-a9f0-7cff72b53028,눈꽃,https://play-lh.googleusercontent.com/a-/ALV-UjUzx36qb5bNzLR0VDTTFdQckDKOmu1gw4FKDgovA5F570L1wk8n,메세지만 차단 기능이랑 멀티프로필 기능 없어졌으면 좋겠어요 물론 유용하게 쓰는 사람은 유용하게 쓰겠지만 불편하더라고요,3,1,26.2.2,2026-03-31 07:39:52,,,26.2.2
99635539-8f64-419a-b0b4-5231aeb58c23,테오도로,https://play-lh.googleusercontent.com/a/ACg8ocJvhHhgz0NSlrJR_cGxoZAbjmKA4U6J7FkC9OD8gOU4zeDBnA=mo,2026-01-08 하트엄지등을 누른 사람을 휴대폰에서는 볼 수가 없습니다. 휴대폰에서 가능하도록 원복해주세요 2025-10-22 숏폼안나오는 옵션 또는 오픈채팅으로 설정 할 수 있게 해주세요 쓸데 없는 숏폼은 왜 추가를 하나요 ? 2024-12-29 알림뱃지를 일반채팅/오픈채팅을 나누어서 선택적으로 할 수 있을까요 ? 오픈채팅까지 알림뱃지가 오니 중요알림이 왔는지 확인이 어렵습니다. 메인폰에 오픈채팅을 사용하지 못하는 이유입니다. 읽음 처리를 한번에 할 수 있도록 기능 추가 부탁드립니다. 2024-07-15 오픈채팅 상단 고정 10개가 너무 작습니다 20~30개로 늘려줄 수 있을까요 ? 부하에 지장이 없다면 늘려좀 주세요 2022-08-02 오픈채팅 고정 가능 방을 좀더 늘려 주세요 관리하는 방이 점점 많아 지고 있습니다,1,790,26.2.2,2026-03-31 07:13:48,,,26.2.2
04162fe6-e3b1-4499-8fe1-621714ee1e77,유니스,https://play-lh.googleusercontent.com/a-/ALV-UjW4XuX9ITstumyvBj-LRbQaua3xiIXdZjNiDENWyVv8vcz5wcg,모든 친구와공유 편리한점이 좋다,5,1,26.2.2,2026-03-31 06:26:14,,,26.2.2
9245b243-c19d-4f3c-9f81-062a87f7b980,반용문,https://play-lh.googleusercontent.com/a/ACg8ocLqWBlmRcKjDMbqcsIcUdXY85UZkHC4TQXRL4dfxsuVX9rnjA=mo,인증방법은 왜 바꿈?,1,1,26.2.2,2026-03-31 04:38:52,,,26.2.2
8f019da3-c705-4500-8ac6-22fd018352e0,Who's him?,https://play-lh.googleusercontent.com/a-/ALV-UjW9DQXFgLLUvRR5U44Y1Ae16DOiyWKdJpS8iOZE6DchXgkFDfhr,디코로 갈아 탑니다~,1,1,,2026-03-31 02:17:41,,,
67360420-e5a8-4ede-85cb-6f00c269ae66,단단한실력,https://play-lh.googleusercontent.com/a-/ALV-UjXi7i1i73J_lJjdHF_D7JDHLbyE9wnTqIwP1qVGnSeUYAjBpFbC,알림끈거 자꾸풀리고 고정건거 다풀리고 계속 초기화되고 초심읽었네,1,1,,2026-03-30 23:32:56,,,
8952760c-b9b9-4820-8424-f8f7aa609e54,하이유니,https://play-lh.googleusercontent.com/a/ACg8ocIT_RK2OYihoox9_5NtoB7JETY6tMKHFtZ78o6F9AAM_tixAw=mo,하트 좀 없애주세요. 인스타에서 하트에 쓰이는 신경을 카톡에서도 써야 하나요? 카톡은 이제 그냥 보편적인 연락수단입니다. 이런 연락수단에서 안 보고 싶은 하트 당사자와 하트 갯수를 왜 의무적으로 봐야 합니까. 아니면 게시글에 하트 없애기라도 만들어주세요.,1,1,26.2.2,2026-03-30 23:32:28,,,26.2.2
8cfd4bb7-d550-40bb-b61f-dd8a6a8ceb52,헤이즐넛2세,https://play-lh.googleusercontent.com/a-/ALV-UjUZf7jR0GMlWzdSx3QqCvAUAbnyuyNy0wldBJg2C7cuxBRFee7X,한물갔다,1,1,26.1.2,2026-03-30 23:29:54,,,26.1.2
a8a9497e-2eff-42e7-a90a-d2d7463ee4af,한선화,https://play-lh.googleusercontent.com/a-/ALV-UjWPJq2cNG_vgUFYKh6aAFtnzn_n6M9kBKoOFzIz3rDi77xHAvWI,댓글 업데이트 왜 이따위로 하는건지 도대체가 모르겠네요? 체크를 안하면 채팅방에 안올라와서 진짜 너무불편한데 체크가 풀려요 진짜 짜증나게 하지말고 롤백하셈,1,1,26.1.0,2026-03-30 23:06:51,,,26.1.0
4156ccfb-c8ee-4743-a66c-4231eec2f8ac,인주자야농원,https://play-lh.googleusercontent.com/a-/ALV-UjWNJcYDtQab2L99wq7TrAKbW4G_PAYhd6aD1ygRAANj5cGrG2SXhQ,폰에서 잘 사용하고 있는데 컴에서도 자유롭게 사용하고 싶어요.,5,0,26.2.2,2026-03-30 22:40:13,,,26.2.2
49eb1dd9-030e-4c3d-b0c5-806ddd9c5d93,유재복,https://play-lh.googleusercontent.com/a/ACg8ocJyvjqdCcAMuVUdRfxPCPGqxDvXCaWTlWYfepi3Xzzs6FAkUw=mo,폰바꾸고 강제로 최신버전 쓰고있는데 다필요없고 기존폰은 업뎃안해서 톡방 몇 년 지난사진도 찾아볼수 있는데 폰바꾸고 과거 사진을 확인 할수가없음 보려면 결재하라고함 욕이 안나올수가 없네ㅡㅡ,1,1,26.2.2,2026-03-30 22:31:30,,,26.2.2
84ca5ecd-705e-491c-8f1f-c2d98ba35f14,이동욱,https://play-lh.googleusercontent.com/a/ACg8ocKs9TNTUlivsbHQw29SaizK1kVJa7XygXwwwjpwPdvadVgUUg=mo,전에 쓰던 갤럭시에서는 알림창에서 여러 개의 카톡을 미리 보는게 가능했는데 왜 사라진거죠. 삼성측에서는 카카오톡에서 변경한거라는데 인지했으면 빨리 수정해주시죠. 이상한 컨텐츠에 시간 쓰면서 뻘짓할게 아니라,1,1,25.3.5,2026-03-30 22:26:58,,,25.3.5
2fc3d72f-b49c-4349-b7f8-7e10678fd68d,박소민,https://play-lh.googleusercontent.com/a/ACg8ocKwIgYXZZWhMyK8by0FZct4mL7c3GYMjP9jZsldrpjyBeUGgZo=mo,"제발 메인 화면에 친구목록만 보이게 해주세요.. 친구 소식 안 궁금한데, 카톡키면 소식부터 보여서 신경쓰입니다.. 왜 저번부터 카카오는 업데이트하면 이러는지 모르겠네요ㅠ원래대로 친구만 나오게 해주시길ㅠ 네카라쿠배에서 이제 카카오는 빠져야 할듯ㅠ감너무 뒤짐ㅠ",1,1,4.3.6,2026-03-30 22:07:36,,,4.3.6
efc98aed-57c2-48f3-a236-abf859277dec,오홍기,https://play-lh.googleusercontent.com/a-/ALV-UjW3HYrbjUHIcMpIv_jf7hlwJhbYqg6Qt5vW2Bv4GvK4FI2FA5oprg,불편 불편함,1,1,26.1.0,2026-03-30 21:52:33,,,26.1.0
d6a91c69-2c64-4b4c-8f1d-bcd225fdcb59,이선희,https://play-lh.googleusercontent.com/a/ACg8ocIOI4rZrXhvcTlFPqHHYEKL-7XgCWNlmUQ7Wr02tGK_Zzi_Ng=mo,잘사용합니다.,5,1,26.2.2,2026-03-30 21:11:37,,,26.2.2
504848c8-1634-44c3-b324-056900efb006,남오준호,https://play-lh.googleusercontent.com/a/ACg8ocKrfg418Zt2WISKkY4vOGDCUn6oVRcsLUN1ZMZ_wcNuK2EbAQ=mo,좋아요,5,1,26.1.3,2026-03-30 20:54:04,,,26.1.3
60d934db-50f8-46c2-aeaa-01b6ff3de659,박서준,https://play-lh.googleusercontent.com/a-/ALV-UjW9jyuxStsyU5ggRi2P5QY146T88-6FwaCye5T5NC2-kp0DJ_w,대표 이메일을 이제 쓰지 않아서 변경 하려는 데 안돼요 이게 맞나요? 다른 이메일로 바꾸려고 시도해보아도 절대 안되요. 최악입니다,1,1,26.1.0,2026-03-30 20:37:27,,,26.1.0
5af34b94-5f74-43d9-b447-3950f3ddaf74,주윤선,https://play-lh.googleusercontent.com/a/ACg8ocJ-oNqymId-FHX7Vq-GkNTRzFVvXSoNvCtKFMOILm7NZDJM=mo,처음부터,5,1,26.2.2,2026-03-30 20:22:33,,,26.2.2
79618737-dd33-48ec-a792-9fec88efaec8,진성희,https://play-lh.googleusercontent.com/a/ACg8ocL5qCrfqVcIPUFUYRxMX-PEhCAeJc-Oi9GS4yz3aKf7em0G=mo,.. 님들 다 알죠..?ㅋ,2,1,26.2.2,2026-03-30 20:11:54,,,26.2.2
84c6f50d-8b86-4125-a605-c1e5dd0fe4d2,박가온,https://play-lh.googleusercontent.com/a-/ALV-UjUeqYOumygshMgqqqiUrQHOKy_ntRETcxPsfzNCoI4sMyquIrhZ,"하하하하하하하하하하하하하ㅡ하하하하하하하하하하하하하하하하하하하하하하 모두가안전하게대화해요?? 정말 간절하게 부탁할게요. 숏폼 삭제, 무분별한 광고 삭제. 그리고 친구탭에 추가된 모두가 친구라고 단정짓지 말기. 친구탭에는 사이 안 좋은회사 동료, 일면식 없는 학교 선배, 보기 싫은 친척들 아니면 이상하고 다른 사람들도 있습니다. 제발 바꿔주세요. 제발제발제발제발 저 이 업데이트 때문에 프사 이상하다고 온갖 조리돌림 당했어요. 제발제발바꿔주세요바꿔바꿔바꿔바꿔바꿔바꿔바꿔바꿔바꿔바꿔바꿔바꿔바꿔주세요제발제발제발제발저이앱이용하는이유가사적인이유때문이에요사적인이유아니면이앱 이용안해요. 카톡아, 우리 업뎃전까지는 친했잖아... 하하하하하하하하하하하하하하하하하하하하하하하하하하하하하하하하하하하하하하하하하하하하하하하하하하하하하하하하하하하하하하하하하하하하하하하하하하하하하하하하하하하하하하하하하하하하하하하하하하하하하하하하하하하하하하하하하하하하하하하하하하하하하하하하하하하하하하하하하하하하하하하하하하하하하하하핳",1,27,26.2.2,2026-03-30 19:10:38,,,26.2.2
e7ed741a-1730-4fac-b421-239920eb2625,윤지후,https://play-lh.googleusercontent.com/a/ACg8ocJq5naiLzR_Do1xvpYF2qSy1qO7Td4EgfWpD3fdedEQV6h3Pg=mo,제정신인가 정말,1,1,26.2.2,2026-03-30 18:51:32,,,26.2.2
73c483a4-986f-4695-bd59-58aaca2d8caf,염도원,https://play-lh.googleusercontent.com/a-/ALV-UjUnU3JA4hzM892WF1Gq70ECImQ0vu3IEFnXId88mA1D-nBPcUz_,상대방이 게속 도배하고 시비 걸어서 하지말라고 했는데 게속 해서 욱하고 욕설2회 했습니다 제 잘못도 있지만 정지 30 일은 심하다고 봅니다.,1,1,26.2.2,2026-03-30 18:46:15,,,26.2.2
c414e707-f252-475c-aa4e-6e4d32e62e8d,강진서,https://play-lh.googleusercontent.com/a-/ALV-UjXAjx9jQE5MQ1L11xIwR3G0fXwc6FccY-etKd1WI1YAn8Yb38JO,답글 달면은 방 새로 생기는거 이거 제발 없애주세요 당연히 금방 없어지겠거니 했는데 무슨 아직까지도 남아있네요,1,3,26.2.2,2026-03-30 18:25:31,,,26.2.2
4abf9788-a0f9-4e55-90eb-4ceb8ac79010,C,https://play-lh.googleusercontent.com/a-/ALV-UjW2HkY8YyhmHyPkBejDEmaXBZPKfGyiYSkJWAUUW11bk_Yz5lKoFA,알림끄기해둔 오픈채팅방 알림이떴다 뭔일이야,4,1,10.9.1,2026-03-30 18:22:56,,,10.9.1
4ecd5b67-ccda-4f14-ab47-83e816f56ede,이수호,https://play-lh.googleusercontent.com/a/ACg8ocJBB-oUL2Efm_PCH6IFjfQr26adtPdMF45vTrgxjVjc3bVtG4Q=mo,정신차려라,1,1,25.6.5,2026-03-30 18:19:38,,,25.6.5
1a5a75db-db30-48ad-9f5f-5999fb924f2e,박성영,https://play-lh.googleusercontent.com/a/ACg8ocIPnN4XeFUPkJeD6NPLnwPS2zPZNKUVoUNTHqlpGgNJByrliw=mo,엡뎃할거냐고 뜨는데 업데이트 안뜸,1,1,25.11.2,2026-03-30 17:58:52,,,25.11.2
46f7c4e6-c251-4223-8033-c7be7ec373b2,유지연,https://play-lh.googleusercontent.com/a/ACg8ocL-fW4d3bwjQAHMRsdZ5vYxEdD7KbIMB-WAsmheOa6IfDp4pg=mo,1.4는 개가 게임만들어도 이거보다 평점 높겠다 ㅋㅋ,1,1,25.4.2,2026-03-30 17:52:25,,,25.4.2
228c34c3-5408-437d-b035-83c30b0204b4,So Good,https://play-lh.googleusercontent.com/a-/ALV-UjUk35tokNPAe0DRp8nItyylRkzqhzfZCbJlgXgUYSdabQ7NnE79,사용하기 매우 불편한 앱,1,1,26.1.0,2026-03-30 17:52:23,,,26.1.0
fcd95389-0560-4ed3-a276-79456acdc7e9,부개정,https://play-lh.googleusercontent.com/a/ACg8ocIPkI6HKk5hm-szw7iFQ7N1M2Je9SRW1ENSXNFtPt2CaNoRRA=mo,이모티콘 움직이는거 보려고 누르는데 밑에 이모티콘 검색창 자동으로 띄우는거 짜증나 죽겠음,1,7,,2026-03-30 17:41:41,,,
0fa2bef2-6367-4387-8b51-b37c6ee3bed3,김김,https://play-lh.googleusercontent.com/a-/ALV-UjXR7lu9le8AlCk9M_xR02Qgy23r-uxsaUuHGHFlf7IVhVmXu7s,소식탭으로 왜 자꾸 전환되는지 모르겠네요 최악입니다,1,1,,2026-03-30 16:53:27,,,
ec7b6b3b-8f6d-415c-a27e-7399598418f4,조성훈,https://play-lh.googleusercontent.com/a/ACg8ocJqVD2oD32BCYuAcXeaYTpVCFojrIGmgXNvqYq-HaK2SuuHPA=mo,채팅 상대방 글에 대답할때 진짜 무슨말에 대답하는건지 헛갈리게 해놨네요 맨 처음하는 말에 대답하는걸로 보이니 대화의 중간에 한말이 뭔지 스크롤 해서 다시 찾아서 대답해야하고 아니 머리 좋은 사람들이 모여서 만들고 업데이트 하는거 아닌가요 하는거 보면 무슨 지적능력을 의심하게 만드는 사람들이 모여서 아이디어 내고 업데이트 하는거 같네요 생각 좀 하고 직접 사용해보고 좀 합시다 이러다 메신져 하나 새로 나오면 예전에 망해가전 메신져들 뒤따라 갈듯하네요 요새 하는짓 보면 정신 차리세요,1,1,26.2.2,2026-03-30 16:50:30,,,26.2.2
c842b67f-7b69-48b6-9cf3-3e8ef87592fe,북끅여우,https://play-lh.googleusercontent.com/a-/ALV-UjWwgkq1mKPYZq0IDkBcx8RNM0FXcElQBGTqiYZXus_fARt0eAaF,숏폼 삭제해라. 진짜ㅋㅋㅋㅋ 쓰레기 같은 거 왜 만듬? 쓸모 진짜 없으니까 삭제해,1,2,26.2.2,2026-03-30 16:42:18,,,26.2.2
b2bc041e-4735-4d8a-a3dd-a06e9f7c9989,훼이드리온,https://play-lh.googleusercontent.com/a-/ALV-UjWNiSSVsFCktpA9Z5_eqR7tXrcpd-1fEGHx9LS8cxJahf2SlIzx,정말 사소한 문제입니다. 내가 사용하는 것의 첫 모습이 내가 바라는 모습이 아니면 일단 짙은 불쾌함이 올라옵니다. 그게 지금 카카오톡이네요. 마치 이전의 편의성을 인질잡힌 채 누군가의 고집에 놀아나는 것 같아요.,1,1,26.2.2,2026-03-30 16:37:05,,,26.2.2
252eaf4a-fd90-48f0-a62c-431630458288,이금주,https://play-lh.googleusercontent.com/a/ACg8ocLHIYc_8VUkqFfBNml08lvDupgbC0SIgwFjASe4BmzVSyLUPg=mo,활성화가안됨,1,1,26.1.3,2026-03-30 16:24:39,,,26.1.3
54925264-7fc0-45b5-aada-00142d219d62,yul,https://play-lh.googleusercontent.com/a-/ALV-UjVM9Wl3eX-9GFtcTOLeAqX56yHE1KNDl5kmfbPWr6Z_X0KBw-I,하@ 이걸 버릴수도 없고,1,1,26.2.2,2026-03-30 16:24:34,,,26.2.2
e8707c99-1428-4d75-aff3-b09e0fc40744,남윤서,https://play-lh.googleusercontent.com/a-/ALV-UjUjfJ1dGi3tJi5tJ_f9aQkyccMBoI6p2dm1Miju7mGayjWBg6U,너무 좋은데 채팅방에 읽지 않은 사람 숫자를 표시해주는 건 있는데 그 읽지 않은 사람이 누군지 알 수 있으면 더 좋을거 같습니다,4,0,26.2.2,2026-03-30 16:22:14,,,26.2.2
483376bb-1921-4669-80be-9f4761772a83,나나,https://play-lh.googleusercontent.com/a-/ALV-UjVe5ZYEHZZghgjuuUC9rqlUDROdTjHz5RX35pWLLVOMW1zsOMI,카톡 화면 앱이 없어졋어요,1,1,26.2.2,2026-03-30 15:35:28,,,26.2.2
581457e7-2c08-4f74-8649-d2590dcd366f,김병호,https://play-lh.googleusercontent.com/a-/ALV-UjWm_uxpqMuqWGAjj2dSC7Mu0cuv9_K7xxuRV4hNkgqs4kgdpRFy,카카오톡 연락되어있는사람 목록왜안보임? 오류좀고치소 진짜,1,7,26.2.2,2026-03-30 15:01:56,,,26.2.2
dad5afc4-bcb6-4a44-87ea-ebc186a904f3,신계남,https://play-lh.googleusercontent.com/a-/ALV-UjVhyrAGrmpBDBfnxObEhHqeAss91iUQhfnslObxNURplsbjP7U,좋아요,5,0,26.2.2,2026-03-30 14:55:58,,,26.2.2
ee590ae8-e64f-444a-9a03-5ba80d345bfb,이성모,https://play-lh.googleusercontent.com/a/ACg8ocI6xerzwplw_4E6IQ3hmyFEgFuWOuPL_fJ2kp2sHvOIJQJpbQ=mo,하.. 카카오톡 1점도 주기 아깝다. 뭐 가입 하자마자 이용자 보호 조치에다 정당한 자료나 사진도 없이 특정 사유로 이용 제한을 시키지 않나 겨우 2번 탈퇴나 가입 했다고 24시간을 기다리라고 하지 않나. 이게 맞냐? 뭐 어느정도 이유가 있겠지만 겨우 2번 가지고 24시간이면 어떻게 기다리라는거냐. 상담 해도 돌아 오는건 그냥 문의나 해라 이러기만 하고 통화 상담도 못하고 이렇게 시스템을 만드니까 유저들 불만이 많은건데 고칠 생각도 안하고 놀기만 하고 있으니 빡이 돌지. 하.. 내가 이용자 보호 조치랑 갑자기 그냥 이용 제한 걸어서 계정 새로 만들다가 24시간도 기다려야 한다고 하.. 그동안 손해가 얼마나 심한데 문의 해도 겁나 오래 걸리고 어떻게 하라는거냐. 신규 가입하면 이용자 보호 조치에다 그냥 하다가 갑자기 무슨 이용 제한이 오지 않나 그런걸 할거면 정당한 자료를 가져오라고 하.. 진짜 니네가 그러니까 카톡이 욕 먹는거야. 좀 쳐 시스템 좀 다시 만들어라.,1,1,26.2.2,2026-03-30 14:31:26,,,26.2.2
142608db-67a5-4198-8dac-90c73237192d,곰불,https://play-lh.googleusercontent.com/a-/ALV-UjWn7LDaLRqL_l2ub-iist8d5deXE248JE0cVK-RbLincuSrT4M,아직 업데이트 안하고 버티는애들 개추 ㅋㅋㅋ,5,1,,2026-03-30 14:24:51,,,
386d1ee3-2fe9-4c01-b627-74d64ee87153,우진,https://play-lh.googleusercontent.com/a/ACg8ocL5Pe5sy6dRGn_N8bwVMOblwGoRTTRk8nIxf0HE0fNdpG2cmw=mo,소통하기 쉽네요,5,0,,2026-03-30 14:18:15,,,
e098572d-0f3e-4ab6-943b-04dbdeec58e4,Refly,https://play-lh.googleusercontent.com/a-/ALV-UjW9fNQwGXGMTJLHj8tY_Fbc2QYn9QttlfRNJf2XphEUgpv9MLvn,유저의 편의성 어쩌구 저쩌구 현실 : 소식탭 광고비 쌀먹해야해서 안 없에고 굳이 누르지 않아도 자동으로 창 전환시킴 ㅋㅋㅋㅋ,1,18,26.2.2,2026-03-30 14:12:14,,,26.2.2
3106aa8b-53e3-4c22-90ab-986b9e31f762,SpiderMan handsome,https://play-lh.googleusercontent.com/a-/ALV-UjVAxdIZOOQAoVqoGpdd7cXp8dT-8q9ZwPEYWUyMGceFxTNCkvI,용량이 너무너무 많이 차지해서 진짜 욕만 나옵니다. 카톡라이트 출시되면 직장인들 민심 바로 돌릴 수 있을겁니다.,1,1,26.2.2,2026-03-30 13:57:02,,,26.2.2
5d8a206c-cb18-44da-9c7f-e13ae79a8aa5,Jiwon Lee,https://play-lh.googleusercontent.com/a/ACg8ocLR06xOQLWFylkbtfyjxj2cxvWmOKScbTaLEMDeuGFsuWG7zw=mo,"업데이트 막아놨었는데 새 폰으로 바꾸면서 강제 업데이트 돼버렸네요 뭐 그건 제 문제니 어쩔 수 없는데, 미니 이모티콘에 ""카카오프렌즈 베이직 미니 페이스"" 이거 업데이트 전 버전으로 돌려주세요. 선 너무 굵고 못생겼고 구려요. 이걸 오케이한 사람이 대체 누군지...",1,1,26.2.2,2026-03-30 13:37:03,,,26.2.2
d31b9461-ce19-4a69-8cdb-ed4a00bacee3,마감요정,https://play-lh.googleusercontent.com/a-/ALV-UjWb-e4caiUZpfj1zNRPIEmWEmdJ8IXQLCSmkyznkxbGjqzwlAL9,폭죽기능좀 빼줘요 뭐같아요 댓글기능도 좀 빼요 대화 진행이 안된다니까요? 개쓸데없는거만 업데이트를 처 하지말고요,1,30,26.2.2,2026-03-30 13:17:03,,,26.2.2
eb30067c-322b-4907-96cc-7b6a642cdfe9,안주한,https://play-lh.googleusercontent.com/a-/ALV-UjXGTRcHPoDgiK_4owR_qKMxk2EAYqGV9s7AWBwWQnlzDB1FCPI,사용자들이랑 기싸움하지말고 그냥 롤백해라. 혹시 나중에 주가조작하려고 숙성시키는거니,1,1,26.2.2,2026-03-30 13:14:41,,,26.2.2
400373e3-be26-4896-b368-2840aeacf6d5,박래일,https://play-lh.googleusercontent.com/a/ACg8ocKjC4klE49XbRy7iGcftE7vLW3B4-nL0MAvjr4V1grFTDHF6Q=mo,잘못 된 것이다,5,0,26.2.2,2026-03-30 13:03:21,,,26.2.2
04d99c20-24e5-4d88-9e3a-70ddacb4a27a,이효진,https://play-lh.googleusercontent.com/a/ACg8ocLB2ZT3OO1h29wurP46BU0rFgJmTh8M19XV0uC7OQWkbVUc3g=mo,왜 슬금슬금 친구가아닌 소식이 열리는거죠? 갑자기 별 관심없는 사람의 프로필이 크게 나오니 급 짜증이 나는 상황이라니,1,1,26.1.0,2026-03-30 12:56:44,,,26.1.0
154ebe62-1ba8-4a09-a65d-e77acdfdc307,김태근,https://play-lh.googleusercontent.com/a-/ALV-UjUDhrPG4WNu9sjvmkJimIqcuCGf5YxyYfvKYBKcheV2VBBDxmG8,좋아요,5,0,26.2.2,2026-03-30 12:55:17,,,26.2.2
c70f75c3-362f-4a06-b530-b996bcab9f3e,김동명,https://play-lh.googleusercontent.com/a/ACg8ocJQnxm3iwN7muU0son8P1KlhVWliSXrDNihYlKo4bgdVZ0h7g=mo,대표 토스에서 온 놈으로 바뀌고 놔서 최악,1,1,25.9.2,2026-03-30 12:34:47,,,25.9.2
dfb069fa-930a-405f-969b-d5d5123d33b9,백경애,https://play-lh.googleusercontent.com/a/ACg8ocJVIzkg2_NpSJSahQlHbGO9Vck_Gh7mTdxX_E4m8d36_KeijQ=mo,나이많은 노인인데 어떻게 업데이트 하나요? 안하면 사용못한다는 메시지를 받았는데요,1,1,10.7.4,2026-03-30 11:53:44,,,10.7.4
c75efaef-ac5f-4095-9ec3-80e2b18fb91c,정혜윤,https://play-lh.googleusercontent.com/a/ACg8ocLTCOywpG0sbOHIxbx0--tBwjy23KFPJCR_RTEpv64IC-X0UQ=mo,정말 x맨이 임원에 있음?? 아니 지인한테 카톡보낼려고 친구검색했는데 전국각지의 모르는 사람들은 왜 다 검색되게 해놓음?? 이건 개인정보보호 완전위반아님?? 그런데다가 댓글에 공감 이모티콘은 누가했는지 왜 다 못보게해놓는지 물어봤더니 ㅋㅋ 이게 개인정보보호때문이라고 ㅋㅋㅋㅋㅋ 아니 자기 친구한테 카톡보내려고 이름검색하는데 모르는 사람들 프로필다뜨는게 개인정보위반이지 ㅋㅋ 무슨 공감표시하는건 다 자기들 이름 뜰줄알고 표시하는건데 ㅋㅋㅋㅋ 정말 어떤 저능아가 카톡을 이끌어가는지 궁금함,1,9,26.2.2,2026-03-30 11:23:18,,,26.2.2
b761a8cb-478a-419d-93c6-3b60421fd2ab,이치호,https://play-lh.googleusercontent.com/a/ACg8ocL4tf3FhjfCtnWcHjaGPiEj_ovQJXQA5-AFS19fhCNC3ZE43w=mo,업데이트를 하면 할 수록 이상한 옵션들만 가득채우고 사용하고 싶지않은 옵션들을 끄고싶은데 사용여부 기능 ON/OFF 기능도 막아둬놓고 사용하기가 점점 불편해지네요.개선 요청을 몇차례 문의넣었지만 그냥 무시 수준의 답변만 옵니다.,1,1,26.2.2,2026-03-30 11:03:12,,,26.2.2
e184988a-22ec-4781-b072-a84c43de1d53,AlleyCat,https://play-lh.googleusercontent.com/a-/ALV-UjUvexJKLX4QQOSoN1C4aBEESPJZQC1jBMJN8YMFr6gb8svjpRm9,카톡도 다음 세대면 사라지겠지...,1,45,25.9.0,2026-03-30 10:02:02,,,25.9.0
6185d7f4-e454-4cb0-8773-e4b189c98d07,kujo kujo,https://play-lh.googleusercontent.com/a/ACg8ocKeS4lwcPF8-95w6sDOP1ZxsRxe3nGPFRujmwhDE_N-cIhbig=mo,업데이트 안 한 사람 압박하려고 계속 업데이트 팝업 띄우고 오픈톡 정상 대화 못 하게 해놓음(신버전에서 새로 생긴 기능 이용 못하는 문제가 아니라 톡방에서 단순 메시지 전송을 못 하게 막음 웃긴 게 다른 사용자들 대화는 또 볼 수 있음 그냥 메시지 전송만 못하게 막음),1,1,25.7.3,2026-03-30 10:00:25,,,25.7.3
5ed62aa0-44d0-4fd9-acb6-b8d5fdb016af,천세환,https://play-lh.googleusercontent.com/a-/ALV-UjXGULTJyTSojG2KMNWbMGcHRZJACFO7uZGNk1MbCeouZ0_iIvI8,최악 별 하나도 아깝다 친구 소식 안궁금하고 숏폼 꼴도 보기 싫다 !!!!!!,1,12,26.1.0,2026-03-30 09:24:39,,,26.1.0
71025f1c-0ae5-4c04-9830-69a64d92bd5a,은붕어,https://play-lh.googleusercontent.com/a-/ALV-UjWoO62LuKwYY0KKLspzYQAcF_Aj0i3I2BY66VUQT5ViEZeX5nHI,익명투표좀 만들어주세요,5,0,10.7.4,2026-03-30 08:48:26,,,10.7.4
6342434e-5474-431b-9d53-176fbdcefc6c,츄파르,https://play-lh.googleusercontent.com/a/ACg8ocKafDE8hZFNRW08S4zSoARC20Sf2RlfWsy2iWc5xKuPW2wSSw=mo,왜 한번씩 비번이 해제되고 알림 설정은 왜 처음으로 돌아가는지 알수가 없네요,2,1,26.2.2,2026-03-30 08:37:21,,,26.2.2
6ff46b21-76dc-47bc-8685-d5146af532ea,LED써치코리아LED써치코리아,https://play-lh.googleusercontent.com/a-/ALV-UjWzlBXJ2LsHxgKxK9OGLIZWK645TX5FR5o9I_ZghUE17RAqspssCA,카톡 사진이나 동영상 보낼 때마다 ??로그인해야 하는 불편. 카톡 업그레이드 이후 개 불편해 젔어요,1,1,26.2.2,2026-03-30 06:42:00,,,26.2.2
d9038ae3-8664-46ab-a457-abbec28507db,하이노아,https://play-lh.googleusercontent.com/a/ACg8ocJVfsReRBYxbwWaBArdPYB-Eppbu3Nwfc2MG8nGbl6Jw1tKJg=mo,아니 소프트웨어 업데이트 했는데 자동업데이트 머냐 내인생 망했다 자동업데이트 다 꺼놨는데 뭐지,1,1,26.2.2,2026-03-30 06:13:00,,,26.2.2
752becb2-8f20-473f-87df-bec5bfdf6008,정혜성,https://play-lh.googleusercontent.com/a-/ALV-UjUERGbMcVjcoa5t-fzKGhs4PL2VmnG50tO0Bhe5oNdRGYBn-C8y,one ui 8.5 호환 필요함. 8.5 베타로 업데이트하고 카톡 미리보기 마지막 보내진 하나만 보이고 전처럼 스택으로 안쌓임 업데이트 해주길 바람,3,1,26.1.0,2026-03-30 00:03:53,,,26.1.0
6288dd38-aa4b-4813-bfc9-dc1e6450849d,이히야,https://play-lh.googleusercontent.com/a/ACg8ocKKYi7DAGcieCjdXfgMJA-Aj-2jxAjW_f7I1agkB7URxNm0xC4=mo,쓰레기,1,1,26.2.2,2026-03-29 23:34:02,,,26.2.2
b535a9a3-51b7-48d4-bb4e-3bf62fdc6a63,서율,https://play-lh.googleusercontent.com/a/ACg8ocJJGLNNGD-r6UBhZpl0TRMiTAXbHq3CIqjVfvuZ0MLmGwbNQBY=mo,데이터 복구도 불편합니다. 별점 1점도 아깝네요. 앱 정보랑 다르게 해당 어플은 제작자 위주입니다.,1,1,26.2.2,2026-03-29 23:20:14,,,26.2.2
6beb9d0e-1411-4bcb-b2e0-de42e3d53991,김소형,https://play-lh.googleusercontent.com/a/ACg8ocKohNhReyy7OBh6kS6-hPv5cOUscKCXyyqRjqYdsz-hKPr5qQ=mo,톡 클라우드에서 사진 찾을때 날짜별로 볼수 있었으면 좋겠어요 내리는데 손이 너무아픔..,3,1,26.2.2,2026-03-29 23:16:25,,,26.2.2
0f824e84-2d1f-4ea3-94c9-0825202235c9,조병철,https://play-lh.googleusercontent.com/a-/ALV-UjVprXJnKmJqCgVa4-jICyqbTYlOS8tRXxbQa_lw2cgYtg1jt0yx,생일인 친구 안보게 하는 기능이 없어져서 불편함...(생일 강제로 띄워서 선물 팔려는듯),1,2,26.2.2,2026-03-29 23:05:54,,,26.2.2
78ae87dc-e089-44c8-9ef3-a3ce36d69386,얍,https://play-lh.googleusercontent.com/a-/ALV-UjX13h4BM0ax1evcnCcN7pcfKBlCjWE1SymIrSAyD7XK1zaGzS_Z,쓰레기,1,1,,2026-03-29 22:57:43,,,
68930811-6e41-40ea-bf05-10571b8f6b5e,RED_Park_C,https://play-lh.googleusercontent.com/a-/ALV-UjVLuynRLN1XfKbwIL6shliyBFwHU8TU-2yAgZfmr-3AIkIyXFs3,업뎃 안하고 버티고있는데 ...안하니까 신규 연락처 추가하면 친구목록에 추가가 안됨 상대방 기종이 갠역시는 뜨는거 같은데 아이뻐 기종은 추가하면 친구목록에 추가가안됨 이런 뭐 ...아...,1,1,26.1.0,2026-03-29 22:41:22,,,26.1.0
85b48714-5190-4b62-ab60-05f6041f7ab6,Qwerty Qwerty,https://play-lh.googleusercontent.com/a/ACg8ocIlDmsHaZPomLAZWUAnQdvGe_WYU_-wQ-S3whUl2kXg4ziG6Q=mo,"그렇게 욕을 먹고도 부족한지 은근히 패치를 해서는, 보고싶지도 않은 남의 프로필 업뎃 소식, 궁금하지도 않은 숏폼을 먼저 보게 하도록 바꿈ㅋㅋ 실험실이 있잖아요. 그걸로라도 사람들한테 테스트하고 업데이트 좀 하세요 제발",1,1,26.2.2,2026-03-29 22:19:27,,,26.2.2
a209b917-3f29-467a-a4dd-b6abdf8a9ed2,피버,https://play-lh.googleusercontent.com/a-/ALV-UjWfs0nmy1W1ufTGyjWivHDZlxi778P2eMASPGGQ5dYNfEygD_kD,국민들 개인정보 중국에 넘기고 돈받는거 좋았나용?,1,2,26.2.2,2026-03-29 22:17:40,,,26.2.2
710e2571-522e-4fde-aae7-b732daca52ec,김승현,https://play-lh.googleusercontent.com/a/ACg8ocIadgavdoYjZouqH-RsmTbnO7SzCX6IXHaOkm1b_xNUHOhovw=mo,너무 너무 간편해 좋아요.,5,1,26.2.2,2026-03-29 20:03:54,,,26.2.2
c5c285b4-a9df-4568-8217-ac9f8addf0a9,JUNE,https://play-lh.googleusercontent.com/a-/ALV-UjXyouXgX11eSUL3ZKsE90PejHD3hg9MvPEqmZXZes7PmPMn1OLG,숏폼 좀 시작할때 안뜨게 해주던가 틱톡도 아니고 개불편하네,1,2,26.1.0,2026-03-29 19:32:43,,,26.1.0
f96bc110-1ec6-4904-b8bc-a8fa2b499b25,성민호,https://play-lh.googleusercontent.com/a-/ALV-UjXdGHSxMxTdStTwiHwAown3ZQKVeYaHGB-GHMYBe_JLh8SfXPk,우와 카톡 업뎃.... 하.....,1,1,26.2.2,2026-03-29 18:57:54,,,26.2.2
54413076-6f95-4919-9ab8-dda093ea23be,손우진,https://play-lh.googleusercontent.com/a-/ALV-UjXkr2mRU28bXLS2mQP3SaI3lHAF-BWR3M25AiHCin45f9dznKk,아직도 정신을 못차렸네,1,1,,2026-03-29 18:36:37,,,
4a806f4f-5941-4169-ac25-8413b8c48b93,Z CHOI,https://play-lh.googleusercontent.com/a/ACg8ocLg_uxKAiS0_D_aE058LVWEwdTznSGbmv2_8Xd79u-lHR69YA=mo,또 처음 켜면 한번씩 소식이 먼저 보이네요. 내가 원하면 보겠다고요. 제발 첫 화면으로 친구리스트만 보여줘요. 도대체 사용자 요구사항은 하나도 반영 안하고 수익모델에만 치중하다가 망하려고 하는 건가요?,1,1,26.2.2,2026-03-29 18:32:17,,,26.2.2
22bf6720-1387-4ebb-8950-d10f87e1a535,김정연,https://play-lh.googleusercontent.com/a/ACg8ocIfUS12eZ9HLYMIG7GtnVVcgsjLYcRSRaa7FbervhLpfr3CBw=mo,음 원래 태블릿 업데이트 가 안되나요? 업데이트가 안되서 기능을 못 쓰고 있습니다.,1,0,,2026-03-29 18:04:25,,,
55dd92fb-9a99-4533-b388-cfe3b11d9d86,SH,https://play-lh.googleusercontent.com/a-/ALV-UjXw7gykcHZboAp3MxVM-ZbYWZQKepxyeua09JCcXPSwltviqWND,어휴.. 업뎃 후 광고만 겁나많이뜨네요;; 싫다정말,1,3,26.1.0,2026-03-29 17:49:34,,,26.1.0
5327c423-3060-4184-9371-7eb9fb8f47ac,김정민,https://play-lh.googleusercontent.com/a/ACg8ocKbCX-uHVOQFY0b66YVQeWsQR6DvSKsJsy_b95JJ2qpdp2vbw=mo,아니 오늘생일인친구 이딴거 왜추가함? 꼴보기싫은사람 쩔수없이 친추되서 맨위에뜨면 보기개같은거 어쩜 ㅡㅡ,1,3,26.2.2,2026-03-29 17:42:28,,,26.2.2
68b80192-55bc-450c-8668-ebc4752102d3,김시은,https://play-lh.googleusercontent.com/a-/ALV-UjXCy4C79MfatTUkr-i-M-6f8_6N234bv7yWjbJ78qztrJnW6_xZ,"아니 숏폼 안 보고 싶은데 설정 바꿔도 왜 자꾸 먼저 떠요? 화나네요 사람들이 카카오톡을 애용하는 이유는 대중적이며 간단하게 이용할 수 있다는 점이 가장 컸는데, 이렇게 어설프게 다른 앱을 모방하고 이도저도 아닌게 되어버리면 잘 쓰던 사람들의 피해가 너무 크지 않나요 이미 말 많이 나오고 욕도 먹은 거 아는데 저도 이하동문으로 정말 실망스럽습니다;;",2,1,26.2.2,2026-03-29 17:42:13,,,26.2.2
35b2a98d-b051-4ec7-baad-40c3d41829ba,La Seo,https://play-lh.googleusercontent.com/a-/ALV-UjWh5uWFYUd03OjoH-RAqIdPyfJrxuAmeEFuG-OUZwqetXF5LuXt,잦은 업데이트가 불편합니다,1,1,25.11.2,2026-03-29 17:33:41,,,25.11.2
6e1c7da2-e26c-42bf-bc22-f4af43a06a9c,예슈야,https://play-lh.googleusercontent.com/a-/ALV-UjWZpGTAkTs4gx8-7mZclJBQ5p80o-zm4cL5K4cuECpoBL_mcPz85g,너무나 편하고 좋아요,5,1,26.2.2,2026-03-29 17:29:57,,,26.2.2
f3954561-3b85-46c5-ac5f-399669aa9593,NoobMaker “Noob_Maker”,https://play-lh.googleusercontent.com/a-/ALV-UjV1ILqoT889ky2cxU3B15QSsPDQ5Z_PwSREmp3lObp7d2iZ8Yib,쓸데없는거 많아지고 송금도 안됨,1,1,26.2.2,2026-03-29 17:13:02,,,26.2.2
fc0c200b-fb2c-4aa7-8160-7059e097c9dd,シンジョンヨン,https://play-lh.googleusercontent.com/a/ACg8ocL3ldlER91w7M0CgrHdptzLRZpGRHPZgSokD2DRm5fssw5kCQ=mo,여전히 쓰레기 같음,1,1,26.2.2,2026-03-29 16:33:31,,,26.2.2
80ee0823-46f5-41de-ac45-b2c63f9981d7,리아로 (아이로),https://play-lh.googleusercontent.com/a/ACg8ocKLaq26z_lO-6VFSUz4AAm5fTag3FyF4L_m_P1aqOvIrv-4MJg=mo,남 생일 강제로 알아야 함..,1,1,26.2.2,2026-03-29 16:27:32,,,26.2.2
2db35d35-7323-4235-84c2-eee8ccaf5db1,바보궁디,https://play-lh.googleusercontent.com/a-/ALV-UjUajwMxUDbIBQMkxh4ovDgqltkIqMled1rW-MAQzzVZwqaOVoY,업데이트가 안됨,1,1,10.7.4,2026-03-29 16:21:54,,,10.7.4
3a57dfe0-b5c1-486b-ba05-e8178df063f0,아이스크림,https://play-lh.googleusercontent.com/a-/ALV-UjWMUiJJAJKIGaJNfPbxkTvVJWvZh8HvXJD7LXLX-x7JihR2hKK_,소식기능 또 처음부터나옴,1,3,26.2.2,2026-03-29 16:15:16,,,26.2.2
849ea8c2-256d-4726-842b-b1a4d25ec896,정승극,https://play-lh.googleusercontent.com/a/ACg8ocKr8Nd1S78L2_JhVdL9Q_SW7qf5x9YUQbB_f-xYWSTUWl3b_g=mo,"카카오톡을 심어주세에요!?,네!?, 실수로삭제했읍니다,미안합니다",5,0,10.8.2,2026-03-29 13:26:01,,,10.8.2
d0cb7e07-5f29-4077-9d8c-dc46a35416bd,한,https://play-lh.googleusercontent.com/a/ACg8ocJwYk-TRohKGmOf3_eIVW87wNFtxqvF4AO2b7A-P49Ek-syfA=mo,사용자 편의성보다 메뉴 숨기기와 비틀기에 더 진심인 앱 개발자분들 이건 퍼즐 게임이 아니라구요?,1,1,,2026-03-29 13:09:52,,,
c7194a37-88b7-4c31-b8b4-da1bdcbd7147,애로이,https://play-lh.googleusercontent.com/a/ACg8ocLh5kUYxsG2LZ789ONri4ru4swPLEqeebwKxK8ii_lV6CA8Og=mo,굿,5,1,25.11.2,2026-03-29 13:02:41,,,25.11.2
4c48c7d1-c94a-40d8-8419-ab306a110dc1,뀨뀨,https://play-lh.googleusercontent.com/a-/ALV-UjWmnSEFT1hJA7wiurjIFF2-7BsEhCe5jEC228dv045veFt-qlrO,"로그인이 해제되어 있어서 다시 하려고 전화번호로 인증 번호를 받는데 자꾸 오류가 떠요. 여러 방법으로 시도해 보는데 안 되고, 전에 받은 인증 번호도 없는데 횟수 초과라고 24시간 후에 다시 하라고 하네요. 이상한 피드 만들지 말고 오류 좀 고치세요. 급했는데 진짜 짜증납니다",1,1,25.5.0,2026-03-29 13:02:07,,,25.5.0
265d73f3-dd21-4fd0-b7b0-0cde0576df80,임현경 (핵초보 뉴비),https://play-lh.googleusercontent.com/a/ACg8ocJN1hslJjX5EByynf8ZRTlKucgNmNlHQZ0IdU-zqOTgA-LyHQ=mo,업데이트 최악이고 오픈채팅은 정지사유에 해당하는 행동도 안했는데 정지를 먹이네요 ;; 인스타나 타플랫폼도 따라해놓고는 관리를 이렇게 하니까 망하는거 같네요 ;,1,1,26.2.2,2026-03-29 13:00:19,,,26.2.2
83e18ae1-7f35-48e8-85e4-69ce291239b4,이재춘,https://play-lh.googleusercontent.com/a-/ALV-UjX_jaFkURNhs6knCmHUlkF6i28Dt3m7hu-WXVOMK7P1vph0BrsY,업데이트 도 안되는에 뭘 업데이트 하라고 창을 띄우는지참나~~에휴,3,1,25.8.3,2026-03-29 12:43:40,,,25.8.3
6c0a357b-71cd-488e-bdfc-1fb4e661fe84,ht y,https://play-lh.googleusercontent.com/a/ACg8ocJotDLrDm5TD06yLHUYXvagvmvkd7DdLF4pTFp1GSAr4KNehQ=mo,업데이트를 못하게 해놓고서는 이제 사용도 못하게 한다고요?,1,1,,2026-03-29 12:10:59,,,
45e287db-f195-42ca-944b-7e5d58529b7a,유지혜,https://play-lh.googleusercontent.com/a-/ALV-UjWriwm0-bcjH_f38O-_1aEDRFaaxNSTR_PUpMz3DzOLQGpVC2ff,진짜 누가처만들었냐,1,1,26.2.2,2026-03-29 10:57:57,,,26.2.2
96ee9548-8e65-453b-a342-268766482b98,JIN JIN,https://play-lh.googleusercontent.com/a-/ALV-UjUcI6KQ186Dx2VFuqAaq7eV60o_2uDq3cxty4cA1Rxr5SUL2geZNA,강제업뎃 개에바임,1,1,25.11.2,2026-03-29 10:49:24,,,25.11.2
b693168e-47e0-4dbc-825d-dfdcb2aa44c1,현우입니다,https://play-lh.googleusercontent.com/a/ACg8ocIDyT63oZO6X33O5sMqkABsmdesSg3Bu44BzOA5wvVyIAfJxA=mo,아동보호조치 진짜 패버리고 싶다,1,1,26.2.2,2026-03-29 10:42:56,,,26.2.2
9c83df1a-1a87-44bd-8322-a6edff64ca49,임학률,https://play-lh.googleusercontent.com/a-/ALV-UjXPeHKeYz8fZRGEGlVBWYO1k5mcsmP3W-H0cwsQZLK-IbochWRR,에효,1,1,26.1.0,2026-03-29 10:28:16,,,26.1.0
d592702d-af49-421e-b663-d8b3602ab28c,ᄋᄋ,https://play-lh.googleusercontent.com/a-/ALV-UjW2IpdQQqZ8RdczxsEnFWxNfOsnxp7Adkwjb_g5DEq3nST8MUA,좋아요,5,1,25.11.2,2026-03-29 10:03:53,,,25.11.2
e2edbe6b-20b8-4a5f-9d25-aec0a80ad26f,한승규,https://play-lh.googleusercontent.com/a/ACg8ocJD3HD36HYgNhiX4BSzCt9VYKFs8yRYhOIhz69RolM89wfT3w=mo,카카오톡이 보이지 않습니다,4,1,26.2.2,2026-03-29 09:22:13,,,26.2.2
c27b919a-a569-4bef-9f49-8dc7b764aad5,김의태,https://play-lh.googleusercontent.com/a/ACg8ocJ8EFW7OXqUR2Ff875bFASecmyJRTayffxbybllDcCuvX09gg=mo,은근슬쩍 소식 탭으로 띄우는 꼼수를 부리네..,1,3,26.1.0,2026-03-29 08:33:58,,,26.1.0
d83586b6-d54c-460f-8c7f-3844078e18b8,hit chang,https://play-lh.googleusercontent.com/a-/ALV-UjWNJh2yCCzTYv8RHR20cO-gkVKKJyEt_U-VK0ciPohBjtioOVDo,아 ㅋㅋ 지들 맘대로 강제업뎃 해놨네 자동업뎃 꺼놨는데? 짱먹어라,1,1,26.2.2,2026-03-29 08:24:01,,,26.2.2
045f2261-31c7-4c99-ba57-5cc91969f2f2,right_way7,https://play-lh.googleusercontent.com/a-/ALV-UjXZdY2QM7Z695ouQQ2PzhcrkywzWNjFRxOSfAwCSvFAUcMB8n2a,개느림,1,1,,2026-03-29 07:14:00,,,
2619d064-81e6-4f65-9bd1-c287bcfc7799,LOVE FOREVER,https://play-lh.googleusercontent.com/a-/ALV-UjUGYHrBzYI7hjqNmPWMCrjl7rfWjSCnzE8ZgxFnbrjq3IrdUDkk,제발 좀 채팅 기록 없어도 예약 전송 되게 해주세요!!! 채팅 기록이 있어야 예약 전송 되니까 너무 불펼합니다!!! 지금 당장 업데이트 해주세요!!!,1,1,26.2.2,2026-03-29 06:55:29,,,26.2.2
82f1fadb-cadc-4f34-927e-ef3e35c1339e,연지하,https://play-lh.googleusercontent.com/a-/ALV-UjU8FpWrInRzxCgp2-vAcTUupsPeV0s__KshH6m3MeYga7zGelY,답장 기능 좀 없애셈 ㄱㅃㅊㄴ,1,1,,2026-03-29 06:35:14,,,
87863eeb-c133-4071-aa07-099da6c31a88,정세현,https://play-lh.googleusercontent.com/a-/ALV-UjV0BpPqRMxEgmW-5YNYPpKhwU3xXsoZ7Ye8MfyVVxHtC6RWIyJ5,쇼츠 아예 안나오게 해주세요 보지도 않는거 맨날 방해만 되고..,2,1,26.2.2,2026-03-29 01:18:33,,,26.2.2
4dc11178-f1f5-48f0-9db8-5dd9cb45e284,이름,https://play-lh.googleusercontent.com/a/ACg8ocLGH-b1pbT0VFDIH-DmT3w3Y2UleSOYkzLe4X8pEclx67mvUQ=mo,업데이트.,1,1,26.2.2,2026-03-29 00:18:42,,,26.2.2
fa14a0fc-39aa-4383-83b2-a66fb544cfe1,진경택,https://play-lh.googleusercontent.com/a/ACg8ocJE8xjt8nTI3vjUmYegn1RgQx-M6_w4tIXtVQm5o8yP0r5yNA=mo,친구탭 자꾸 소식으로 바꾸지 마라 하..진짜 친구로 기본설정 해놨는데 왜 자꾸 소식으로 뜨냐.,1,2,26.1.0,2026-03-29 00:15:08,,,26.1.0
d25227d0-f07d-452d-8c6f-7938555ecbc2,K J,https://play-lh.googleusercontent.com/a-/ALV-UjV4l8rp7Cs4HQ6gJOdLMdAnGFA6jZ3mS-F-YKc1n1CLaNVzZR4,오픈 톡방도 채팅창 잠금 기능 좀 만들어주세요,1,1,26.2.2,2026-03-28 23:47:56,,,26.2.2
bf2bf1bb-93e4-448b-b5c3-faf89ca7aace,prophecy,https://play-lh.googleusercontent.com/a-/ALV-UjXh-L5dg_Z6wXPsYqx9XlhZGbIPKxUW8QUcSSnndfMncF1QQadc,예전에는 친구 차단했다가 해제하면 복구가 됐는데 이젠 안 됨?,1,1,,2026-03-28 23:27:15,,,
af8572d4-dedd-4715-815b-ad3e3091d089,윤하다원,https://play-lh.googleusercontent.com/a/ACg8ocJR3CsNXY5OzR3ej_oawmzSK-84fooS4EfPwTh6h6XiPSUtaw=mo,"왜 별 0개는 없냐구!! 1개도 아까운데!! 혹시 카톡 차이나에서 관리함? 강제성, 개인정보 수집 등등 하는 행태들이 아주 그냥 그쪽 국가 같네. 카톡을 대체 할수 있는 걸 찾아서 떠나자!!",1,2,,2026-03-28 23:23:51,,,
c983e494-3181-464e-b3da-9f3bede89e02,정민영,https://play-lh.googleusercontent.com/a/ACg8ocKX_uXLvdTrsREw-5nOLHZAYQW_P_NRC907D66AroZZnAUAARM=mo,왜 이따구로 업뎃했어요? 피드 왜만드냐고요. 카톡에 친구만 있는줄아나ㅡㅡ 카톡 너무 무겁다고요. 이것저것 다 쑤셔넣어놓고 피드까지..;; 이런다고 젠지들이 쓰러올거같아요?? ‐--------‐-------- 12월15일에 업뎃해서 친구탭 원복한다더니 ㅋㅋㅋㅋㅋ 안했네요???,1,57,26.2.2,2026-03-28 23:19:31,,,26.2.2
5e796d90-5483-48d5-80cf-013cad9ee591,yeji J,https://play-lh.googleusercontent.com/a/ACg8ocK105Us9R7nGMwD1oh68lwANs690dKDLXJbwzukagJkGzsTAg=mo,"임시저장공간, 앱삭제 후 재설치 다했는데요. 왜 채팅방 들어가면 대화가 있는 방인데 안뜰까요? 꽤 오래됐는데, 개산부탁드려요. 심지어 톡방도 여러개 나가고 미디어파일도 많이 지웠어요. 그대로 안됩니다.",3,1,9.6.1,2026-03-28 23:15:38,,,9.6.1
7c7fc32f-6a42-45b6-9035-cd0b1f9d3268,꼬부기,https://play-lh.googleusercontent.com/a/ACg8ocJfy7OqAzqpx1RU-hWx2rDV4nM7MRC2JZY6Rpm-oIoOWsjivg=mo,1점도 아까움....쓰레기,1,1,26.2.2,2026-03-28 23:12:42,,,26.2.2
786da1a4-504b-416b-bdd1-719b740653ab,Cecil,https://play-lh.googleusercontent.com/a-/ALV-UjW8m1g8WhcD66ihaxfj_uqJhSDKxZZ7aKG0UbHwcN7IRO4yAGIe,아니 자동 업데이트 꺼놨는데 씨브랄 카톡 강제 업데이트가 되네? 심지어 방 개많은데 고정해둔것들 다 풀려있고 키보드 툴바 꺼놨는데 다시 나와있더라고요? 그러면 설정해둔것들 싹다 초기화 된거 아닌가 해서 들어갔더니만 역시나 맞았고..,1,2,25.11.2,2026-03-28 22:19:11,,,25.11.2
8880ebf6-9380-4dbf-ae64-dadfcd937f82,이해,https://play-lh.googleusercontent.com/a/ACg8ocKDWrzSY5blOfjtJJbDBBMV2CrBHHs28d8aqRdjOHEWBjHdDdA=mo,차라리 숏폼 on/off 라도 만들어주세요..,1,3,26.2.2,2026-03-28 22:18:54,,,26.2.2
e8607da9-5d21-4c35-9c68-17440784c10d,황인규,https://play-lh.googleusercontent.com/a/ACg8ocLftkQLiR6sUFaP5-vChBq2eBsnSHvv9mu5cmg0AtK5Rgr-vg=mo,좋아요,5,1,26.2.2,2026-03-28 21:38:41,,,26.2.2
d8f41736-a175-4458-a911-acd29b745795,진진짜다,https://play-lh.googleusercontent.com/a/ACg8ocLNWJjB6VcS1DryWigqXjnLh_a-1ZCAmCEPJSCwWv93_P3sBw=mo,쓸데없는것만 많아진...보기도 싫은 숏폼과 광고...,1,2,26.1.0,2026-03-28 21:28:05,,,26.1.0
89f042f0-0615-48c5-aae9-88bfda1bf3c1,Jinbeen Lim,https://play-lh.googleusercontent.com/a/ACg8ocIlk_xVNMHcHTIAVGX2hc1aVCzHUCYkTwErm_I9iJAFCtDXZg=mo,업데이트 후 최악 단톡방 필요한거 보였다 사라졌다만 반복이고 광고만 신경쓰니 평판 최악임 어린친구들은 아예 이제 인스타만 쓸듯,1,2,26.2.2,2026-03-28 21:10:57,,,26.2.2
73d5c276-c958-41e8-8a74-110184089a4d,안수근,https://play-lh.googleusercontent.com/a-/ALV-UjVKJp6m1MDh_zxhq41Axj7nwbfzTSyUSxZs6id42aBAu4mo16Li,잘새용하고있습니다,4,1,26.1.0,2026-03-28 21:01:01,,,26.1.0
6cf0256a-b673-4d1a-a613-541f403f87c9,yu ri,https://play-lh.googleusercontent.com/a/ACg8ocLIbY_6dFH102j34Ux7-ctCZ_B4-Z_O1fJGltb1rBTy8hVw_A=mo,카카오톡은 위대하다의 한표를 걸어주십시오!!!,5,1,26.1.1,2026-03-28 20:31:19,,,26.1.1
5469f275-f373-42d1-b8d5-ff33e538227e,김응현,https://play-lh.googleusercontent.com/a-/ALV-UjV5mtdTHYRkR2tSCRKq5n9DK_g0pNw72LdJSRJyBfqVKEyIPBlK,별로에요,1,1,26.2.2,2026-03-28 19:43:43,,,26.2.2
004ed10a-0170-47d8-aa49-0bfc44f4a87e,1230 L,https://play-lh.googleusercontent.com/a/ACg8ocKQN5D9enrmeT7pYuQheGtWM-AaU3qQJMrWq7NcRNYjxIO-Hw=mo,클라우드를 정리하라고 하는거면 300개씩만 삭제 할 수 있는게 아니라 전체 삭제를 할 수 있도록 해야지. 그리고 용량순으로 볼 수 있는 방법은 없어?,1,2,26.2.2,2026-03-28 19:17:20,,,26.2.2
17c10bd5-85d6-4910-b7f0-eb9d0aec627b,김영옥,https://play-lh.googleusercontent.com/a/ACg8ocLThS4O-ldTJmQaiVERM_c11JPaIl2VnCKLY1msotkmDESaIg=mo,카카오,5,1,26.2.2,2026-03-28 18:42:57,,,26.2.2
ef6a9e00-dcb0-477b-80ff-23840cd0db26,구름달,https://play-lh.googleusercontent.com/a/ACg8ocLvPBOTUl3RGn1Gk-AK88Mb7PWq8L2hdc4rV45i3hPDzeOZzw=mo,톡딜로산거 왜 구매내역에없냐 하,1,1,26.1.0,2026-03-28 18:39:14,,,26.1.0
8c41d416-436a-4617-9974-c091886bb56a,jh choi,https://play-lh.googleusercontent.com/a-/ALV-UjUCP_eAgbUPfReQ9I-EP7YsKlwSnJUKbG3cOLWjGEU_NzhRW8hL,뭐만하면 다 정지시키냐 ㅋㅌㅋㅌㅋㅋㅋ 걍 하지말라는거 아님??,1,7,26.2.2,2026-03-28 17:47:26,,,26.2.2
0a0cfb9c-d2a8-4309-a04a-65a0497bdb62,김용하,https://play-lh.googleusercontent.com/a-/ALV-UjW7RFAIvSXwispxxBg6kErU_z0tBniddGDHH65de9h4GXhCFUW8,"1. 다운그래이드하게 해 주세요,제발! 2. 이전 판에선 전달이 10개 였는데 이번 판엔 공유가 5갠데 10로 증가해 주세요. 제발!",3,4,25.11.2,2026-03-28 17:39:00,,,25.11.2
ee38d804-c125-41b4-b9d1-4db4d97a62bd,블루tv,https://play-lh.googleusercontent.com/a-/ALV-UjVf3Zyb19xpf34-gIcJlblluCB9j2ziOg9gPup_Q26aeUEWCS3x,my비밀번호 때문에 카카오톡 이용이 불가능합니다.,1,1,26.2.2,2026-03-28 16:22:59,,,26.2.2
70c700f5-c7bf-4993-96b8-9615e581b6c5,변은석,https://play-lh.googleusercontent.com/a/ACg8ocLkloj0u0HOZahWyiIppBl97S5pgNtcT_nkIPKR3mRfcLMe=mo,내가 채팅을 위한 카톡을 쓰고싶지 쇼폼을 보고싶냐고 왜 롤백하기로 하고서 왜 은근설쩍 원래대로 진행하려고 하는데 필요한 이유 없으면 바로 삭제다 이제 카카오페이랑 카카오뱅크도 탈퇴할 예정이다,1,2,26.2.2,2026-03-28 16:01:07,,,26.2.2
5e97d960-2e49-4521-a2fa-ebe0b48655ae,남궁수아,https://play-lh.googleusercontent.com/a/ACg8ocIEtYmrx8WtJKFq0vyXtP83OBy-G3p6Tm4OGYfBY8LPvhaXGg=mo,이모티콘플러스 안돼요,5,1,26.2.2,2026-03-28 15:49:30,,,26.2.2
887f897e-2abf-4dce-b45a-d6261e8369cd,황영진,https://play-lh.googleusercontent.com/a/ACg8ocLUko9qYMVeBSE2GePb_H0yGiAnA4KFUEQYRYcsdLM1lPDfpw=mo,인스타 그만 따라해,1,1,26.2.2,2026-03-28 14:34:13,,,26.2.2
e99564a6-c7fd-49b6-b05a-e65d6251b60c,U U,https://play-lh.googleusercontent.com/a-/ALV-UjXWQyyBslD6gqGJF6DBGTA2sRPmhtT0OrHqG3t36DTOak4Vwzfbkg,"잠잠해지니까 또 스리슬쩍 친구목록에 소식부터 뜨게 해놨네, 설정에도 없고 진짜 짜증난다",1,2,26.2.2,2026-03-28 14:07:26,,,26.2.2
32ce563c-f3ff-4db3-b3c6-a3a78785593c,방울방울,https://play-lh.googleusercontent.com/a-/ALV-UjViD1cjdWn8c9sTkO3mhAFlagNsTzM4Xl2wFiBzBlV4WbBHNmNP,별하나도아깝다. 반년업뎃안하고 이번에했는데 단톡방 볼때마다 뜨는 쇼츠에 알고싶지않은 지인 프로필변경등..최악..다시돌려놔,1,2,26.1.0,2026-03-28 13:24:32,,,26.1.0
43afeac9-65cb-4b61-a940-b24656774975,감소성,https://play-lh.googleusercontent.com/a/ACg8ocIp56EoEToZS10ymB-awdaB8NqvNMtw1VnDR9W3VdZ6oC1boQ=mo,사용이안됨 ㅉㅉ,1,1,11.3.2,2026-03-28 12:33:48,,,11.3.2
3d199e7f-6a16-4860-842e-b7a736dabfcf,문형일,https://play-lh.googleusercontent.com/a/ACg8ocL_14KIgJG4eE6fCxxrM-D3xBDGOaIwX2aOgytsvs7cmvdK4A=mo,뭔 업데이트가 안되냐. 10.7.4 여기서 멈춰서 안되네,1,2,26.2.2,2026-03-28 12:33:35,,,26.2.2
e7097b53-2fc9-43ef-a61a-989792ae639d,김명석,https://play-lh.googleusercontent.com/a/ACg8ocKPFHvLhW4yNkGiOlSp4ZWSWGoTa_VjCgQPDxa4x1Pv62t5HA=mo,좋아요,5,0,26.1.0,2026-03-28 12:30:41,,,26.1.0
7917995e-2b7e-495c-b714-b56258437eff,김종우,https://play-lh.googleusercontent.com/a/ACg8ocLpOmlz2dZ82DSi5rwo05iU7sfG8alsf2sjQx5kv8R8wRECpg=mo,업데이트 안하면 링크 메세지 못보게 해놔서 강제 업데이트시키려는 꼼수 쓰는 최악의 쓰레기 앱,1,18,25.7.3,2026-03-28 12:30:30,,,25.7.3
a5ec03a9-35fa-40b5-b2c7-c9e4b6e03ee8,마중적토,https://play-lh.googleusercontent.com/a/ACg8ocLctKuRCakY0DsTTYOJzh7e2WsMXp_EB50VjqDVV3L0_sxbfg=mo,최악입니다 1점도 아니고0점도 있었으면 좋겠어요 1점도 주기 싫어요,1,2,26.2.2,2026-03-28 11:21:28,,,26.2.2
44c2682c-a399-4aeb-8ec0-6e77fcaee323,mayi s,https://play-lh.googleusercontent.com/a-/ALV-UjUFMZ4cl2gqegyQBusxg058LGyCXWswmvVy_GRqI5fW3M93yQtk,이모티콘 이용권 선물받았는데 왜 상대에게 선물주기가먼저뜨나요? 사용등록이 먼저되는게 맞는거 아닌가요? 여기서안되서 선물함 찾아서 등록하려니 또 기존 이모티콘 플러스 해지해야하고 선물진짜 힘들게받았네요. 이거쓸줄모르는 사람도 많습니다. 돈주고사는건데 게다가선물인데 이리 불편해서야..진짜 짜증남,1,2,26.2.2,2026-03-28 10:58:27,,,26.2.2
60f1389d-8ed8-4942-8065-7210b128f6ac,더퍼스트,https://play-lh.googleusercontent.com/a-/ALV-UjW9dBVMo5LAsOQ-l2pRfCjMPvBqwBp3XuLkYb93BnBr98ZVtooQ3Q,홍민택 아직도 카카오톡에 있다고 함(2026.03),1,2,25.7.3,2026-03-28 10:26:34,,,25.7.3
427e6942-2ed4-4916-ae6f-96b4f72d4044,박이레,https://play-lh.googleusercontent.com/a/ACg8ocJAXN0Fxz3dpkNxdxJzgz-on821TfAPPXoFDVpoyakuucUzzko=mo,댓글기능 개구림,1,2,26.2.2,2026-03-28 10:07:30,,,26.2.2
eb480c79-3e22-447a-b8cf-9cdcd6932730,이분용,https://play-lh.googleusercontent.com/a/ACg8ocLuCAEfcqPV_ZZ74RKCy__MB90yEAtRJEQTFcPRAnfxnn6O_A=mo,앞 버전으로돌릴순없나요 젊은사람도힘들지만 처음 사용하는어르신은 사용불가하네요,1,2,26.2.2,2026-03-28 09:47:40,,,26.2.2
81789e87-859c-4d5b-95de-6e2e0e3217da,따수운야채호빵,https://play-lh.googleusercontent.com/a/ACg8ocJ82JKW4az8bd__KcGoXUcWHOHTvb5Ja81YX9_eao6haQ230w=mo,로그인.... 정말.... 하.... 너무 이상해짐ㅜㅜ,1,1,26.2.2,2026-03-28 09:16:32,,,26.2.2
9feacc8f-e6f2-4d30-b5ad-3feec53b0dff,young geun oh,https://play-lh.googleusercontent.com/a/ACg8ocIiPvy9vN_BEIPNN3xbUxHGBQC4_ddKOEDuDEFDda2a_fpa8A=mo,좋음,5,0,26.2.2,2026-03-28 09:15:43,,,26.2.2
addd34b5-d728-4e19-a82f-a2a809eca1df,정성실eun,https://play-lh.googleusercontent.com/a/ACg8ocJ8GmKiQsr1GZI_Kf-nicUvc2l9hXaRnlu5ESGqVc4H7nYqKA=mo,댓글 삭제는 뭔; 그냥 전처럼 돌려 놓으라니까 이렇게 이상하게 업뎃 하는것도 대단하다 내가 볼땐 업뎃 하는 사람이 천재여 어떻게 이렇게 창의적으로 업뎃을 하냐 존경스럽다 그냥 카톡으로 유튭 볼때 화질 조절이랑 배속 같은 기능 다 없애고 뭔 이상한 댓글 기능에 이야 이 정도면 책이라도 내봐라 혹시 몰라 그럼 사람들이 뭐??카톡이 책을 냈다고?? 업데이트를 어떻게 해야 이렇게 사람들이 좋아하는지 알려주기 위해 한 몸 바쳐 희생했구나!! 하고 생각해줄 수도 있잖냐 하 솔직히 별점 0점 있으면 0점 주는건데 최소가 1이라; 별점이 아깝다 진짜,1,2,26.2.2,2026-03-28 09:00:35,,,26.2.2
a13b55f3-4b37-45a5-a448-6c48b12c91fe,이경진,https://play-lh.googleusercontent.com/a/ACg8ocIFrDp4NaM51cg5hP_UKNHPfnaG6vKzTBaQeVUxvSWFaqo6Tg=mo,좋아요,5,0,26.1.0,2026-03-28 08:41:23,,,26.1.0
e2d6ad2e-ac56-4232-aaf0-c4784a748a64,조현석,https://play-lh.googleusercontent.com/a/ACg8ocJkgTVflaDStk9MoyAmSgB4VeHj6eKNdRikqlgcYXlbUt4mJw=mo,안되요,5,1,26.1.0,2026-03-28 08:40:52,,,26.1.0
9bede3ae-52e6-4683-a49f-c87b3b5eb721,W O O,https://play-lh.googleusercontent.com/a-/ALV-UjXow30SQLFX1Q6LHcx6-fCjoDZaNsTS6IEomYGVk0EFzdb5EQDM,괜히 깔았다. 삭제 개하고싶은데 참는 중..,1,1,26.2.2,2026-03-28 08:34:44,,,26.2.2
184c0cbc-0589-427c-bffd-5882a70aec31,ᄋᄋᄌ,https://play-lh.googleusercontent.com/a/ACg8ocLEt4PItWZkJlp03Wlw3meWpJ5ag0djqg7hGvLHsXdASAB_tQ=mo,강제 숏폼 시청이 너무 불쾌합니다,1,2,26.2.2,2026-03-28 07:29:28,,,26.2.2
ab8d3894-7340-46c7-a782-7657c5e29474,모행숙,https://play-lh.googleusercontent.com/a/ACg8ocI3_uafCuX3oRUSp6asu8lpIVohZzUQQCxraFqMdR7aOOxeEg=mo,감사합니다,1,1,25.11.2,2026-03-28 04:50:03,,,25.11.2
5ba654af-9524-499d-a1b0-aca1a8f1d0ca,장광욱,https://play-lh.googleusercontent.com/a/ACg8ocKBbbFykiI4dy7vdmmmQBQ3_A_fKq7XLcrxfACXDuDF8K2Yrg=mo,아니 폰을 10년이상 쓰고있는데 이번 업그레이드가 될지 안될지도 모르는데 ㅠ 갑자기 업글이 안돼면 카카오톡을 사용이 안됀다고 카면 어쩌라는건지 무슨대책을 만들고 하세요?? 10년이상 폰이 고장도없고 잘돼서 폰잘쓰고있는데 카카오톡 업글땜에 폰을 바까야하는거임??,2,2,10.7.4,2026-03-27 15:48:23,,,10.7.4
83b0cbc5-102b-4dfb-b2a2-92eeb4460204,KS Sim,https://play-lh.googleusercontent.com/a-/ALV-UjVgoyGykPnymLSpQrdyuQRNKmE2RI6nzhgtAud37eQ1Uj15ZnB7,제발 처음 실행할 때 친구탭 말고 채팅탭이 바로 나오도록 수정좀 해줘라. 정말 불편해 죽겠다. 이러다 카카오톡 니들 훅 가는 수가 있다.,1,2,26.1.0,2026-03-27 14:10:33,,,26.1.0
24e35dd1-7fed-460a-9334-492bfce6f5b5,변화는있어도변함은없기를,https://play-lh.googleusercontent.com/a-/ALV-UjXFIpm_aS5Mn76mDCX6RSbSEQsB2eDFbyNePbmD7WQUm5niKlfS,업데이트가 안되는데요ㅡㅡ,3,2,10.7.4,2026-03-27 14:02:46,,,10.7.4
5123cb01-472c-463c-bd39-188687003ca3,ᄉᄉ,https://play-lh.googleusercontent.com/a/ACg8ocKrSRq4jQPJxH-FNz03XGYxWuX4m56Zok5kYPNXeY1Y1LsKYw=mo,톡 인데 이것저것 다 집어넣다 극불호가 되버린 강제 업뎃은 뭣? 별점 1점 해달라는거 같아서 해드려슴니다...,1,2,10.7.4,2026-03-27 13:38:34,,,10.7.4
d3da6c2d-2cef-494d-8217-d7241dfd7812,김도형,https://play-lh.googleusercontent.com/a-/ALV-UjXaxtAyRpkmIIR17-rDiatznLp-fg12oHWO3Tcg5jm3L_b15bKB,1점도 아까움ㄹㅇ,1,2,26.2.2,2026-03-27 13:15:33,,,26.2.2
7d668648-804a-4c43-ad0f-fa1642a2e65e,만두,https://play-lh.googleusercontent.com/a/ACg8ocIvIvW-fFoV-RzRm7fkK15J8wF09XcApRmFJMlIroMqocjBRw=mo,강제 업데이트 뭐냐? 욕나오네 쓸데없는거집어넣고업데이트하는주제에,1,2,25.7.3,2026-03-27 13:14:09,,,25.7.3
73c79932-2bf9-442f-a9f5-c05c3410317c,딱한번만,https://play-lh.googleusercontent.com/a/ACg8ocL6wT1ezeAKK9JcUBD0ABMnEPVYdKFYD3o4RDRXl7MD9qTOCQ=mo,온라인결제시 카페로 결제인데 꼭 카톡으로 연결이되나요? 그럼 카페를 없애든지 카톡안에 카페로 연결.. 이벤트할때는 또 카페앱을 사용 참 번거롭네요,2,2,25.6.6,2026-03-27 12:19:23,,,25.6.6
6ac8d904-8900-45f5-b3c9-2d7b30890ace,Step One,https://play-lh.googleusercontent.com/a/ACg8ocKtn4m2FNYKV1ybJl8ddu9k56GrznxwN7b8UdXhdSslysQyjA=mo,카카오톡 진동 알림이 안 울립니다. 기종은 갤럭시 s25 기본 버전이에요. 확인하고 업데이트 좀 부탁드려요,4,1,26.1.0,2026-03-27 11:48:11,,,26.1.0
a52053c1-39b6-4a75-b2de-4fe49d9d8f5f,이죽림,https://play-lh.googleusercontent.com/a/ACg8ocLIVTFDru3BcmwIZTLOV1zNHDYI40I5j351JxdficKSglpzYw=mo,싫어요,1,1,,2026-03-27 11:28:42,,,
747721d9-c039-443d-9305-2bac7a60c989,김동욱,https://play-lh.googleusercontent.com/a/ACg8ocLWC-pou9zlA3Z0KaNxMuwnaLoEjpQ4QFwEfUuunwnLj-SAcw=mo,개불편함 불편한데 회사 때문에 어쩔 수 없이 쓰는 게 더 마음에 안 듦,1,1,25.11.1,2026-03-27 11:20:59,,,25.11.1
842bc34b-242c-4835-8cd2-e73d148942d6,Brilliant Fate,https://play-lh.googleusercontent.com/a-/ALV-UjW1wA3t9ZN8qcJbGQERs6vnVuZim21uPS0nYKN7_x27K9aWHVM_2g,친구 소식 알고 싶지 않다고!!! 끌 수 있게 설정 만들어라.,1,2,25.9.0,2026-03-27 11:16:55,,,25.9.0
7defb99f-5f7e-4db2-a18c-deb78d454844,Cheyenne (곰이),https://play-lh.googleusercontent.com/a-/ALV-UjX0pE8jrymleFeIEQjeBqjgGH6hhBxZC2oTtBEuoyovuhSKkcQi,"대체 왜 다중기기연결같은 편의성패치같은 사용자들이 원하는 업데이트는 하지도 않으면서 돈벌 궁리만 하고 업데이트를 하시는건가요? 카톡으로 거의 전국민을 카카오라는 기업의 고객으로 빨아들여놓고 각종 연계서비스들로 돈 많이 버시면서 말이죠. 진짜 업데이트 방향성도 최악이고 역겹네요 기업 마인드가. 예전엔 가족, 친구, 일 등등 전부 카톡썼지만 이젠 사람들 만나면 카톡외에 다른 메신저나 플랫폼 이용할 궁리부터 하네요.",1,6,26.2.2,2026-03-27 11:14:46,,,26.2.2
f55d16b2-00e2-4377-842f-d842426006ae,전명국 (화흥리),https://play-lh.googleusercontent.com/a-/ALV-UjX2r1ZlsW7_eMn70Y6E4MmQ4bXhfgG1b7dVVhvkZYttqL6zbDDNzQ,좋아요,5,1,26.2.2,2026-03-27 11:05:04,,,26.2.2
71e0c209-59cd-4e4d-b20e-65f9c1422b8d,아기찮어,https://play-lh.googleusercontent.com/a-/ALV-UjWYcyKKZmKDjDDGoZF3RNAtgaZd_un01dSBna3GHjwt26CBBF4,5점 압축해서 1점 드릴게요~ 너무 좋았어요!,1,0,26.2.2,2026-03-27 11:03:42,,,26.2.2
6bd3af67-1bfd-44ac-a6cb-3fb11f2bcd4d,정재영 (호키포키),https://play-lh.googleusercontent.com/a/ACg8ocKehu5KbIPGfeVWm5vCfnvV8v17dfOeoNxVmBK7IczXfa_Q-w=mo,카톡 열자마자 쇽폼 작작좀 뜨게해라 짜증나네,1,2,26.1.0,2026-03-27 10:45:45,,,26.1.0
9b6516e8-bd71-4850-b00e-ad84dc082697,비공개,https://play-lh.googleusercontent.com/a/ACg8ocIKaNUf78hsuqj6biTQyuFvZWr3myncvDAGJUG3-QBU1MbBS9w=mo,정체성을 다시 찾았으면 좋겠다. 메신져가 왜 sns를 따라하는가. 답글기능 첨 나왔을때 아주 훌륭하다고 생각했는데 그걸 댓글로 바꿔버리면서 뭘 찾을 수가 없다,1,3,26.1.3,2026-03-27 10:05:42,,,26.1.3
c3aff192-64e7-4495-8de4-a97e8ca72a40,노민영,https://play-lh.googleusercontent.com/a-/ALV-UjVJqxkwsjfmPwWXxq4zdgceELRXdeYDoplR1sR3iAas8zyhJ9I,업데이트 강요하는데 광고를 그렇게 달고 싶나....,1,2,26.1.0,2026-03-27 09:54:40,,,26.1.0
0f579a46-e188-462c-bc03-27100003439c,익콩,https://play-lh.googleusercontent.com/a/ACg8ocL18YWtfVadZyONZ2ikXfB7zc76yz5Y3EjfznRuiLc7I1VNUQ=mo,불편하다,1,2,26.2.2,2026-03-27 09:41:23,,,26.2.2
dd9225da-7e9f-40c1-ab89-e597076bd5f0,쭈짱이,https://play-lh.googleusercontent.com/a/ACg8ocJRuF6m2ISUk7BN39-vPur40i9wYiGkPb3TvfOskeRy-nx1nQ=mo,업뎃 너무 별롭니다. 설문보니 유입하려는 젊은층도 별로라고 하는 사람들이 많던데요. 그리고 보이스톡 채팅은 왜 삭제하기 기능이 없나요? 엄청 불편합니다.,1,2,26.1.3,2026-03-27 09:10:43,,,26.1.3
d11ac9bc-1607-488b-a6ae-99a11341512b,송규헌,https://play-lh.googleusercontent.com/a-/ALV-UjUI9zCIu9k_9-PLUAb2_M7VMBTLA5RgP9BLNB-7X4srvnbgME36,임원분들 어머니께서 오픈채팅으로 남성분들 만나실 때 쇼츠가 너무 불편하다고 하십니다. 개선 부탁드려요.,1,1,26.2.2,2026-03-27 09:06:11,,,26.2.2
650db2f5-c505-4d83-a226-5f0f99e59f60,정원,https://play-lh.googleusercontent.com/a-/ALV-UjXu67cxCLSYb1yAsReiWM8HNskHfhO9Ih_S9IqduncmyZ1dRmJz,"업데이트가 있을 때 마다 변경한 설정들이 모두 초기화 된다. 진동 세기 바꾸기, 채팅 상단 고정, 입력 중 상태 해제... 소식 탭 생겼을 때부터 이 난장판이다. 사소한 업데이트가 있을 때 마다 하나하나 설정을 또 바꿔줘야 하잖아. 내 폰을 던질 수도 없고, 이거 언제 고쳐줄건데? 이 능지들아.",1,2,26.2.2,2026-03-27 08:40:47,,,26.2.2
1175f223-4c54-483f-955b-e9545e93b9ec,Sung-Min Kim,https://play-lh.googleusercontent.com/a/ACg8ocLV_X7zKkX2xtyVyAnAL5No-WOqnkB8QU8c_D7sGKUKLy2KlA=mo,또 업데이트 하더니 이번엔 동영상 자동재생을 지 맘대로 켜버리네 빡친다 진짜 알림설정도 바뀌어 있네 ㅋㅋㅋㅋ 레전드네,1,2,26.2.2,2026-03-27 08:26:18,,,26.2.2
01e6fae6-2448-442f-adf9-b97c2933f694,sy Lee,https://play-lh.googleusercontent.com/a-/ALV-UjVTgsR4u9p6izs_OXUDW73eKH5IsbHOzIZYGMm3cjXb3LrmK1Kq,숏폼 보기싫으니 막는설정좀 만드세요. 쓰잘데기없는 숏폼 성가시네,1,2,26.2.2,2026-03-27 06:57:31,,,26.2.2
af6ca29e-63f9-4c85-9b21-bd77172095a8,김민수,https://play-lh.googleusercontent.com/a/ACg8ocIEXyH5Fp8pNOE676jwTDRr0vJl8PBpSEqP7Za2PsjqA1qhDFU=mo,카카오는 이제 사용자 생각 1도 들을생각없음 ㅋㅋ 걍 지들 맘대로 야 이거 편학 바꿨어 해놓고 개불편 저 사람들은 카카오톡 안쓰고 텔레로 소통하나? 그래서 카톡 사용자 편의성 고려 안하나보지?,1,11,25.11.0,2026-03-27 06:42:58,,,25.11.0
738370d9-f9d5-4dff-b441-2252681e2875,녹틸카,https://play-lh.googleusercontent.com/a/ACg8ocI6VYr_JBlBZk1CiUt_718onuj2mFzXRnuKIjHcGaWeqsm9NA=mo,리뷰 지우셔서 다시 작성하러 왔어요 롤백해라 쓰레기앱,1,2,25.7.3,2026-03-27 06:20:48,,,25.7.3
1ae5f002-ad9f-4908-b966-695e8aba5594,김형주,https://play-lh.googleusercontent.com/a/ACg8ocJ8GEhcY9dTMZL_k32iK3CIpC1g4YMMxg7PidyT-Tcq0KJZew=mo,좋내요,5,1,26.2.2,2026-03-26 17:47:28,,,26.2.2
6a92b929-ba8e-4b4b-aa9c-32b1436dbeaf,박지현,https://play-lh.googleusercontent.com/a/ACg8ocKcsEmNvGD9tkqDKVOI5v8XFhGcB4tpbhEp7ajL_eEWnwvD6A=mo,뭘 자꾸 보기 싫은걸 쑤셔넣는거야,1,2,26.2.2,2026-03-26 13:52:35,,,26.2.2
ac571a75-ad1e-45ce-aad2-d8b273e65260,이시유,https://play-lh.googleusercontent.com/a/ACg8ocLyTiZ-dHy97NnRKUxezfcO3KXJow4r2sWVTtn5KVW1x8O9sQ=mo,숏폼좀 안나오게좀 할수없어여 너무 보기 싫어죽겠네요 정작 올리지도 못하는데 강제시청까지 참나,1,3,26.2.2,2026-03-26 13:40:26,,,26.2.2
c40b0078-e312-419f-a47d-e5fdb4b0f421,성운,https://play-lh.googleusercontent.com/a-/ALV-UjUAJSfWV77-TjtXh7mhYziFRYughNZS1SGUlaj_H8L4iw-sy0qL,"넘쳐나는 광고에, 개인정보 강제수집 동의에, 어느 것 하나 만족스러운 게 없어져서 아쉽습니다. 최근에는 구형 모델은 사용조차 못하게 하는 등 횡포라 할 수 있는 점들이 많습니다. 유례 없는 최저 평점을 달게 받으시고 개선하셔야할 부분이라고 생각됩니다.",1,3,25.10.1,2026-03-26 10:17:13,,,25.10.1
8a6cc941-08d9-4d51-8f43-74301ba252ae,Kay Jun,https://play-lh.googleusercontent.com/a/ACg8ocKt1dBPDtXq71c-djpooOU5DSzFGFBwRz_c97lJzI2usTWa=mo,댓글 더 보기 기능은 누구 머리에서 나온거지 도대체,1,1,26.2.2,2026-03-26 09:52:14,,,26.2.2
c7ab039a-b355-4b50-af6f-587bf28a4ee6,인시연,https://play-lh.googleusercontent.com/a/ACg8ocJ3UEwl04E0KqGswvHbreZSgbMfUTIr2B_jENvvOrcgVBjBBw=mo,강제 업뎃을 시키다니 미친거아냐!! 아~~짜증나~~~,1,1,26.1.0,2026-03-26 09:49:04,,,26.1.0
7efb06bc-d531-402a-9217-859477187474,B Park,https://play-lh.googleusercontent.com/a-/ALV-UjXiACwphzLKJtVYdi8Wg4oI1W-ohwGYaFyO4fzMnvADWU4GmHt6CA,"친구탭에 소식을 아예 숨기거나 지울 수 있게 하고 지금탭에 숏폼, 지금 뜨는 커뮤니티도 숨기거나 없애는 방법 좀",1,7,26.2.2,2026-03-26 09:47:35,,,26.2.2
f7f618aa-cd49-4ba6-bc95-95b19b576e6b,진삼례,https://play-lh.googleusercontent.com/a/ACg8ocKXVhThi3-WvdTPnwlrDvXC4DZrRqFCUaEGBZyiKBqNjgpv5g=mo,편리합니다,4,1,25.11.2,2026-03-26 09:02:29,,,25.11.2
17e533df-9795-4485-8e33-2f2cb5f6837b,존재감없다,https://play-lh.googleusercontent.com/a/ACg8ocLfh6hJioa8rPr_7wgcZiip2FfpG3j6A68FO7IaJUIGefoBUg=mo,계정 새로 파고싶은데..이틀째 만들질 못하네ㅜ,1,1,26.2.2,2026-03-26 09:01:36,,,26.2.2
af858122-a8a5-4e5f-a3a5-dd54a06d44a6,yami oh,https://play-lh.googleusercontent.com/a-/ALV-UjWXo5FJ785p28RoQKAvq4U4Km5SZOjiu9ghZTxiaRwN0zk_4z0,롤백해라,1,2,25.11.1,2026-03-26 08:57:59,,,25.11.1
2318817a-e73c-4a67-9c87-da3ebbb3206e,김동성,https://play-lh.googleusercontent.com/a-/ALV-UjU5SF1WRyhKxCkkQaogsOdCz9aftniqtb56X7RlFwOjg5-1ef29,별 한 개도 아깝네요. 자동으로 업데이트 되네? 일부러 안한건데 욕 나옴,1,1,26.2.2,2026-03-26 08:28:31,,,26.2.2
eaff74fc-08c1-4ebc-8ae6-7d5a2665a2c8,younghun jun (NADA-imma),https://play-lh.googleusercontent.com/a-/ALV-UjVbtvT130lD-_dS8PN4cyibOFi089EB_VMmSiSX6ckNMn9CJjb8,시간이지나면 평점 올라갈줄 알았어? 영원히 1점이야 shibar,1,48,26.1.0,2026-03-26 07:23:55,,,26.1.0
4f1d7d1e-7002-4024-9eb2-46b45fd47a1d,방철혁,https://play-lh.googleusercontent.com/a/ACg8ocIz0bRsexUZ7cVwe4fyRhjfe4UTHAn_XbJD-6TZZHpiSEN6=mo,좋아요 ~,5,1,26.2.2,2026-03-26 06:57:15,,,26.2.2
779dd77a-6aaa-4639-ad4f-6c2b4fe91e1f,rodion로지온,https://play-lh.googleusercontent.com/a-/ALV-UjVWbZgfTmDYi1bujtJi0BKV33zcFHKSLkKgLV9GiDxaV0iYeCIf,"오픈채팅 탭 기본설정이 숏폼인건 진짜 언제 바꾸나요? 채팅치려고 실행한 메신저를 채팅치겠다고 숏ㅋㅋ폼ㅋㅋ 영상을 한번 지나쳐서 클릭을 더해야한다는게 말이 된다 생각하시고 만드신건가요? 관련 요구가 없었으면 모를까 꾸준히 바꿔달라는 요청이 있었는데도 안바꾸는 이유가 대체 뭔가요 숏폼 삭제도 안하고 기본창도 숏폼이고 선물하기랑 이모티콘에선 별 이상한 권유 메세지,광고나 뿌리고 사용하기 불편해 죽겠습니다",1,9,26.2.2,2026-03-26 05:47:43,,,26.2.2
7320c335-7d4a-4785-9638-1624d7ab484d,더블투,https://play-lh.googleusercontent.com/a-/ALV-UjVm9Z3oBRO2kwvgadt-PhPYH6vkaphLqf0Jx4rwCit_mOAgo1I,숏폼 사라지게 해줘요,1,1,26.2.2,2026-03-26 00:04:50,,,26.2.2
f5f07d65-60c8-4677-aa25-de3b3db3f580,정상우,https://play-lh.googleusercontent.com/a/ACg8ocLb7t4VyU7bOof1BSfCegME-DaPSACd0gDAz_h8eqoShKKkag=mo,예전버전처럼 바꿔주세요 싹다 너무 불편해요 남들처럼 sns같다 이래서 싫은것도 있는데 그걸떠나서 그냥 모든 기능이 불편해졌어요,1,4,26.2.2,2026-03-26 00:04:35,,,26.2.2
d6cb5b76-1b13-4636-8ced-fab4680debb9,핑퐁,https://play-lh.googleusercontent.com/a-/ALV-UjXvqLsfUS-yeatOBjssweFitL8a2PuU9X9hWWFo1nyjvGAglc8,알림도 자꾸 지맘대로 켜지고 선물하기가 안 들어가져요,2,6,,2026-03-25 23:14:43,,,
65f55055-8dfe-47d5-a039-111eb9ef8669,NanaOohU story,https://play-lh.googleusercontent.com/a-/ALV-UjUqQU6dRxdhP_RFUwDy5FFApcsQueo_zb8oYvojSgv_KnYT454,아 진짜 욕나와 댓글,1,1,26.2.2,2026-03-25 22:51:29,,,26.2.2
9b06fc41-d920-4179-8002-d08d354c76f5,두집,https://play-lh.googleusercontent.com/a/ACg8ocL7Fy-AYmalwcWxqvZ6sQJhLbcIgRRV_Vme83GZQDKGBKanqA=mo,카카오 선물하기 리스트에 이모티콘 항목 추가해주세요. 생일선물로 이모티콘 받고싶어요.,4,1,26.2.2,2026-03-25 22:21:09,,,26.2.2
4bc7deac-fbd5-4b8e-a929-da9fd2a2341b,차명화,https://play-lh.googleusercontent.com/a/ACg8ocIZ_t7zpIP8nAZ30ATFAAsxQSrZCZEJZBoD2brwn6buueZwBw=mo,피드와 광고가 도를 넘는 민폐앱인데 회사땜에 쓴다,1,1,26.1.1,2026-03-25 22:10:36,,,26.1.1
e68e581a-fbdc-4f76-a230-96a97b03091b,정희석,https://play-lh.googleusercontent.com/a/ACg8ocJ5z7otuWwBNuWs9H_DAKOfHW2XuKHkf2_K9QfrwG-SfS6rug=mo,"이번에 업데이트하면서 또 장난질이냐. 그렇게 욕먹고 다운그레이드 하더만, 다시 똑같은 업데이트를 왜 하는건지. 내가 내 카톡을 열었을때 왜 남의 사생활을 알아야하는지... 누군가도 카톡을 열었을때 내 사생활을 본다는건데 아주 많이 불쾌합니다.",1,29,26.2.2,2026-03-25 21:14:11,,,26.2.2
00311571-4648-451f-91ae-059cb5329a32,9g Blue,https://play-lh.googleusercontent.com/a-/ALV-UjVWRfZaNOSgCwMs8e3dzrbp2CKpKkCpTtKZY4pCgelQeQuJWZI,댓 글 기 능 좀 없 애,1,2,26.2.2,2026-03-25 20:21:29,,,26.2.2
83ddc6dc-b214-44ba-a7a4-a8c172468281,Ellen H,https://play-lh.googleusercontent.com/a/ACg8ocJ1LxIOwFxRCRoEEW3rCGPF0XTyBVIm2Kgx5kEycEAiZ7vl5w=mo,메세지 길게 눌러서 삭제할 때 나에게서 삭제 좀 없애주세요. 잘못 눌러서 모두에게 삭제를 못하고 나에게서만 삭제돼서 제대로 삭제도 못하고 너무 불편합니다.,1,1,26.2.2,2026-03-25 20:09:00,,,26.2.2
431a9059-aeb0-4bad-8565-1615233adf05,이유림,https://play-lh.googleusercontent.com/a/ACg8ocKefXlSu9oVNzOVc6teoxkYM5lO1yysctoJzq5Cvn9ma7_I1g=mo,완전 최악이에요 1점도 주기 아깝네요 0점이에요 업데이트 완전 불편해요 ;;,1,1,,2026-03-25 19:49:10,,,
a7e5b799-d6c4-4677-94a9-8a2de57633a5,seorin yang,https://play-lh.googleusercontent.com/a/ACg8ocK_8C9p3TK1m4l2Eyv6NnDmxjazUKkiOdmfziC_rKEatbB51A=mo,댓글기능 끄는거 좀.. 안봐도 될 톡이 계속 울려서 짜증나요.,2,2,26.2.2,2026-03-25 19:19:49,,,26.2.2
e16528dc-72f2-4ecc-bdfd-75a5dbf21e62,강현승,https://play-lh.googleusercontent.com/a/ACg8ocI9Tw40IAK8lnUI_FFlMY_tMr6owNL2IDT0TU1Mr7Qwy5MQOA=mo,"카톡 실행할 때 오픈 채팅방과 숏폼이 번갈아가면서 숏폼이 먼저 표시되는 것도 짜증나는데, 실험실 번역 기능을 꺼도 왜 영어가 포함된 문장을 전송하면 번역이 돼서 동일 내용이 2줄로 표시가 되는거죠? 은근 슬쩍 업데이트되는게 무섭네요. 경영진 하나 잘못 영입해서 카톡이 망조로 가는군요.",1,1,26.2.2,2026-03-25 18:04:33,,,26.2.2
1a75b019-4353-456b-9e2d-0963add62922,김형준,https://play-lh.googleusercontent.com/a-/ALV-UjXbH6eqGaM8hMcqTkEPmghum-RFmAHcMXTeXyiC6AGo3pB4ROE,"1억 넘는 다운로드에 별점 1.2. 카카오는 여기서 느끼는게 없는걸까.. 부끄럽지 않아요? 고의로 불편하게 만든 소식탭 강제노출. 노골적으로 카피된 숏폼에.. 인스타 베낀것. 고민의 흔적이 전혀 안보입니다. 그렇게 창의성이 없었습니까? 아니면 고민조차 귀찮았습니까? 편리한 방식으로 고민없이 카피하고 뚝딱 한그릇 말아낸 업데이트. 카카오가 한국을 대표하는 앱이라는것이 부끄러울 지경입니다. 카카오 혁신의 방향성이 카피&광고로 돈벌이를 하는것이라면, 적어도 고민의 흔적은 있었어야죠. ""니들이 안쓰면 어쩔건데?"" 하고 갑질하는 방식의 찍어누르기라니. 이미 주변에는 어쩔수 없을때 최소한만 사용하는 유저가 많음.",1,3,26.2.2,2026-03-25 17:51:29,,,26.2.2
49435d71-d04b-401b-98e5-132b4855eb52,돈백,https://play-lh.googleusercontent.com/a-/ALV-UjUD3ULI4w7knnBf-M024LRXH_iHAQwClDWZk-cEvksktWDBTAgs,아직도 업뎃 안하고 잘 버티고 있는데 도대체 언제까지 버틸수 있을지 모르겠다 빨리 정상적으로 만들어 줘요!!!,1,2,25.5.0,2026-03-25 17:27:12,,,25.5.0
58f4ddd9-90ec-465c-bf9c-05a959a5bfa1,박기용,https://play-lh.googleusercontent.com/a/ACg8ocLdW_oFiFQ0BtChA5DZy0VbuWE5irD6WIxrKPa51tEZo9RtEA=mo,계속 퇴화중인듯 특히 댓글기능이 진짜 더럽게 불편함;;;; 어떻게 이딴 돈 받고도 안 쓰고싶은 기능을 패치해서 추가해놓은건지 모르겠음. 음식으로 비유하자면 요알못 똥손이 본래 정립된 레시피가 심심하다고 지가 좋아하는거 아무거나 쳐넣어서 음식 조져놓은 다음 옆사람한테는 그게 맛있을거라고 주장하면서 입에 쑤셔넣으려고 하는거임;; 해결 못하면 대체할 플랫폼이 나오는 순간 네이트처럼 나락 가서 도태되는거 한순간일듯,1,2,26.2.1,2026-03-25 16:46:21,,,26.2.1
39d3cc84-977d-4298-8fb9-6ac0837667b4,James Go,https://play-lh.googleusercontent.com/a-/ALV-UjUj0FaKYMUAdkQqsreZ--r5oGLzhZTnyDMynaghh6jsNClIj5CS,manifest 버전 수정해서 계속 구버전써야지 ㅋㅋㅋ,1,2,25.7.3,2026-03-25 16:37:24,,,25.7.3
31d449c0-1af8-49c6-b175-ddf6e5ce0c4f,강하은,https://play-lh.googleusercontent.com/a/ACg8ocKfkko9DzSdIywiw_vhqw9OTTxew6ziBWMLcMGtLlbxCr0hxA=mo,"이번 업데이트때문에 좀 많이 불편해요...카톡 배경은 업뎃해서 열심이 꾸며노은 배경이 다 망가지고 펑이 크게보이니깐 불편해요..그리고 날짜가 위 말고 옆에 있으니깐 자꾸ㅠ거슬리고요..친구 찾기도 어렵고 숏폼? 이런거랑 광고가 나와서 솔찍히 좀 당황했습니다 왜 업데이트를 했지 후회도 드고요 그냥 이건 인스타 같아요,,,,카톡은 대화나 메세지 보내고 이런걸로 자주했는데 이런것 때매 카톡을 피하게 되내요,,,펑에 댓글다는건 좋다고 생각하지만 좋아요 누르면 알림 댓글 달면 알림,,이게 맞나요? 굳이 알람이 울려야하나요? 알람때문에 화면도 가려지고..꾸며논 배경은 다 망가지고 친구 찾기 어렵고 펑 보가도 너무 어렵고 솔찍하게 말하면 아번 업데이트는 좀 최악이네요....업뎃 전이 더 나아요..",1,14,26.2.2,2026-03-25 16:32:54,,,26.2.2
367765a2-92a6-4321-b8de-bc90ce254a00,조정후,https://play-lh.googleusercontent.com/a/ACg8ocIjQYIZTwY5wHwrCXPdpsuUnDl4_5ZClobkkjhux2LdnWhI3A=mo,오픈채팅보다 숏폼 먼저뜨는거 없애라,1,2,26.2.2,2026-03-25 15:50:35,,,26.2.2
3caffdf0-d103-4d36-8ca7-d333eab6a5db,손영주,https://play-lh.googleusercontent.com/a/ACg8ocLJm3Cqpm4xHffcrlT5akDnh_l8GNWi_sViHu7eO58Q59FNqQ=mo,카톡 최악 업그레드 왜이리 자주 뜨나요!!! 숏폼 보지 않는데 사용하는 사람 사용하지 않는 사람 구분안될까요 숏폼 안보고 싶은어요 자꾸 뜨니 싫어서요그리 카톡 전체 화면도 친구들 사진도 예전 처음 버전으로 복구해주면 좋겠어요,1,2,26.1.3,2026-03-25 15:44:51,,,26.1.3
2e595745-8677-4946-b522-8a2b17a65dfb,준혁허,https://play-lh.googleusercontent.com/a-/ALV-UjWFlEzbiZULoAxcm31_4dF--cVEaux_tkdO8ChlSgulpWuSuhZG,망했다,1,1,26.2.2,2026-03-25 15:16:41,,,26.2.2
a2ab7175-83ca-4f05-bc3e-2b54b2f0ab79,-,https://play-lh.googleusercontent.com/a-/ALV-UjVe0eAJA191K9bF0RucMgUYsZZnM5l826npIKoxj_JNgoz07wwi,요새 자꾸 업데이트 안하면 기존기능 못쓰도록 강제하시네요 불쾌합니다,1,4,26.1.2,2026-03-25 15:09:14,,,26.1.2
32b35328-387f-4d84-b2ab-a7438e81843a,네임,https://play-lh.googleusercontent.com/a-/ALV-UjU5AvJZ0OyT0mecCouDzGmY4rKg1hZGysybMHan6XvaiH0tqT99,가만히 있으면 반이라도 갈 것을 뛰어내려 자살하는 회사,1,3,10.3.6,2026-03-25 14:23:03,,,10.3.6
da515aca-6682-4b33-9607-f002007309c7,seung min shin,https://play-lh.googleusercontent.com/a/ACg8ocKZaaiCdMnFIU2xx25KR9Do6jQC_XBMnYleURtTeWs-gl69Tg=mo,대체 언제 원복시키나요?,1,26,26.2.2,2026-03-25 14:22:56,,,26.2.2
34bdc511-13ad-46df-b4a2-61def394a157,이정은,https://play-lh.googleusercontent.com/a/ACg8ocIDhizcwuopnTpi0CodCOcLLycp647DYiV-IbNpMxmazeg1dw=mo,아니 왜 업뎃하고 다른 계정 카톡 다 합쳐졌어요? 업무랑 기본이랑 합쳐져서 지금 엉망진창이네 진짜. 다신 업뎃안합니다.,1,5,26.2.2,2026-03-25 14:17:30,,,26.2.2
b8ea93a8-fd93-42c9-820a-0eabc38496ef,강꽃석,https://play-lh.googleusercontent.com/a/ACg8ocKqklGYWN8boE5HhnA7xCwhqo0JMyvVCEfM2wj5ZK9Tkmn4jg=mo,업뎃을 강압적으로 유도함 업뎃 하고 싶은데 안됨(폰기종땜 ㄴ인듯),1,2,11.2.2,2026-03-25 14:14:37,,,11.2.2
5cc0c107-ea55-408e-93a0-356b17307583,김예진,https://play-lh.googleusercontent.com/a-/ALV-UjUvn8HM_hPZLrXS7Vp9LNwm4Gxrufp9Y3cOD0aG6PiMvvt83Yne4Q,"업뎃된거 너무 별로라서 안 하고 버티고 있는데, 카카오맵 공유한거 안 보이네요?! 이러면 카카오맵도 안 쓰죠..ㅎ",1,2,26.2.2,2026-03-25 14:10:21,,,26.2.2
316e9a6b-eb74-4e20-a6d1-0c243f6919bc,마롱,https://play-lh.googleusercontent.com/a-/ALV-UjVXyl-ENxLkuD__nqxJFye7FvrcpBwjKQlMkLO2fHZ7dTd-02rc,댓글 답글 기능이 생겨서 오픈채팅방에서 답글을 달때 어려움이 있습니다.,1,1,26.2.2,2026-03-25 13:08:04,,,26.2.2
45669086-2bbd-49c2-82fd-fe291d8d7ec5,동지팥죽,https://play-lh.googleusercontent.com/a-/ALV-UjVvDwH_GSY7Oy0KOL0EeyzL-gX-VEhz41Jun67pCMkiwWI3T7A,오픈채팅 분리한것도 짜증나는데 오픈채팅 넘어가면 숏폼이 먼저 뜨는 게 배로 짜증남.. 오픈채팅이랑 숏폼이랑 대체 왜 같은 탭에 있나요????????? 채팅 기능으로 쓸자꾸 어거지로 넣어놓은거 억지로 쓰게함,1,3,26.1.0,2026-03-25 11:46:02,,,26.1.0
d1c9260a-9bad-4f2c-987a-532438f265c6,성이름,https://play-lh.googleusercontent.com/a-/ALV-UjV804Sk7bx69mEm6mlukPMybQmQn7mgZrPubOcxxPecKw7Y8Ww,텔레그램이나 위챗만도 못한 끔찍한 앱,1,1,26.2.2,2026-03-25 11:34:22,,,26.2.2
770b61ef-5796-4b93-8c1a-fe502263cca5,이한샘,https://play-lh.googleusercontent.com/a-/ALV-UjXKKMFT8wK10uqpQ0EgZ37976U3T1C1gPK2kIIiojjqc5DrRSmyRQ,검색창이 쌔까매요. 개선의 노력 일도 안 보이고 이상한 쇼츠 강제 보게 하는데 하나도 사거 싶은 마음 대신 반감만 사요. 에라이...,1,2,26.2.2,2026-03-25 11:20:14,,,26.2.2
db2ddaea-74b2-453f-b181-ba771823ac67,하뻥,https://play-lh.googleusercontent.com/a/ACg8ocKHfQUqxByTgwBSFMi_GfIX-Fu4OEsjQ9iPAGWccQD1bsoyRg=mo,쓰면 쓸 수록 스트레스받아. 카톡 진짜 쓰레기다. 사용자 고려 1도 안하고 오히려 농락하고있는 카카오. 이러니 기업이 망해가는 것 같다. 그지같은 숏폼 숨기기 기능은 개발안하나? 별 0.0005개도 아까워. 이러다가 라인이나 다른 어플으로 다 가 봐야 정신차리려나...라는 생각이 듭니다. 카카오스토리 망한 흑역사 되풀인가요..? 정신차리고 있는 기능개선에 힘써주세요. 쓸데없는 기능추가해서 돈벌 생각만 하지 마시고요..,1,5,26.2.2,2026-03-25 09:55:48,,,26.2.2
7ca58d98-3928-438d-9ac8-dd46ad35d4da,Ruth,https://play-lh.googleusercontent.com/a/ACg8ocJKGK6wf0vpWNT1XvqzKEqjCupvS5RU3B60kZqLdUlIAbsS1g=mo,생일친구 안뜨게하거라 이래서 카카오쇼핑 절대로 절대로 안쓴다 결심한다,1,7,26.2.2,2026-03-25 09:50:52,,,26.2.2
51804047-9d77-4541-aa83-07e01502c7ce,보르탱구,https://play-lh.googleusercontent.com/a/ACg8ocKh3cCqGF75D62yMn9LolgwFCMgnWGee3tPGzzMt8xmONoX6g=mo,제발 메세지삭제하면 삭제됐다고 나오는것좀 안떴음 좋겠어요 그게 삭제된건가요.....도대체 언제 고치나요 충분히 할수있을꺼같은데..,1,2,26.2.2,2026-03-25 09:30:10,,,26.2.2
1910c790-7251-49d3-be7a-0a3277094fb8,최영미,https://play-lh.googleusercontent.com/a/ACg8ocKZzWFFWu8TwsC8PgxbgmepYGN5_vds-FcX_OHv20rvfGlV_A=mo,업데이트 도. 안돼는데 힘드네요,1,2,10.7.4,2026-03-25 09:18:57,,,10.7.4
2119d16a-82f9-4225-a4d4-3f688c6634a1,정동원,https://play-lh.googleusercontent.com/a/ACg8ocJJSVtrw-XDQrQKQcuLOyuHLLCKKVaggUtHknmh0YOGg95-Pg=mo,왜 채팅방 상단 고정해놓은게 계속 없어지나요?,1,2,26.2.2,2026-03-25 09:17:39,,,26.2.2
e76d7312-6e82-40ce-81fd-97e687a55638,WON KUN,https://play-lh.googleusercontent.com/a/ACg8ocJvzSXWvgJNEiZphJc2iEe5HL_AqFkrHqeNauEA00djCPj4eePH=mo,좀 그만 좀 업데이트해!!! 작년 가을 예전으로 돌아가는거 아니면~...,1,2,26.2.2,2026-03-25 09:11:32,,,26.2.2
695cafac-e1b8-4b8e-b8a0-2fd18d83ddd1,더좋은 (더좋은),https://play-lh.googleusercontent.com/a-/ALV-UjVeK_zqTEPPQJF7Pq0RMoqAxCxrm61qTnwHAWVHcBWkZSuPA8MY,카카오톡 예전 본래대로 돌려주세요,1,13,9.7.2,2026-03-25 08:36:12,,,9.7.2
29a7f6f9-2ff4-4df6-a1ff-046579649694,장수욱,https://play-lh.googleusercontent.com/a/ACg8ocIO74wCnBNGpDJzRhn4sF06BcOM-wlWH4MVDvHVqgbdj1bFgg=mo,강제업데이트에 그냥메신저 용도지 먼인스타 처따라 하네 업데이트하기싫은데 왜 강제로 업데이트 하나요? 장난치는것도 아니고,1,9,26.2.2,2026-03-25 07:30:55,,,26.2.2
3a8a03cd-591a-46d0-9c36-d52797566297,Man S,https://play-lh.googleusercontent.com/a-/ALV-UjXpByoUNB5rAhaVFbukObrfzblb6FopcBLeM0dNr4ik50-oLBs,개선 요청 친구설정으로 들어가는 방법이 너무 복잡해졌음 저장된 친구 프로필에서 이름을누르거나 옆에 수정버튼이 있거나 했으면함,3,1,,2026-03-25 07:27:36,,,
e671872b-a869-4107-9f92-95ee346c94cb,해피데이,https://play-lh.googleusercontent.com/a-/ALV-UjVUZMOCwNPF7Tfd6jMhhcDiWozmOjsfIWQYPxUD8CTJfrpNp8D8tg,지나간 친구 생일 알림이 며칠째 뜨네. 친구 생일 알림이 안 뜨게 설정하는 방법이 없나요?,1,9,26.2.2,2026-03-25 05:58:26,,,26.2.2
d835dee5-3ab3-42d4-b0a6-f497ccecd38b,Dong Hyun Kim,https://play-lh.googleusercontent.com/a-/ALV-UjVtxDBIpcpFa4wKG9d1jB7IkUXhtd9UWCfCauHwIlXjt3id38GQbA,오픈챗 안된지 몇일 지났는데 아직 해제가 안됬네요. 부탁 해요.,1,22,26.2.2,2026-03-25 03:23:55,,,26.2.2
4ca60d80-97af-4f84-ab19-8f011600afdc,미미,https://play-lh.googleusercontent.com/a/ACg8ocKlnut_2kr8kXCPmqsgRlYsXcMSublPWb-atQqpeW5MFv0f9g=mo,처음이라 잘 모르겠음,3,0,26.2.2,2026-03-25 02:23:54,,,26.2.2
e023540e-57ea-4180-a478-a71036d7d64d,창빈,https://play-lh.googleusercontent.com/a/ACg8ocKKq4EpzrylytKMyLaM_SmEKvZn_hSPYgKS5IFiJ7zKPQvhLg=mo,인스타를 따라하면 뭐가 좋아지나요? 인스타가 있는데 왜 따라하나요? 쓸 메신저가 카톡 밖에 없어서 싫지만 카톡을 쓸 수 밖에 없네요;;,1,3,26.2.2,2026-03-25 00:42:11,,,26.2.2
9eff8725-37a9-4de5-ab13-a598892ef289,Arnold,https://play-lh.googleusercontent.com/a/ACg8ocKPhHRSSp04aK6pI396NRTRDJ1YkWZGYNdhHpqabKdoNUDgY2k=mo,"갤럭시 탭 S9+ 사용중인데, 오늘 갑자기 나와의채팅방에서 검색하려고 보면 일시적으로 먹통이 되었다가 앱이 강제종료됩니다. 그 밖에도 열심히 메시지 입력하다가 어느 순간부터는 텍스트 입력이 안 됩니다. 안드로이드 시스템이 버그를 감지했는지 캐시 삭제하고 다시 열어보라고 해서 그렇게 했는데도 안 고쳐집니다. 시정해주세요. 오래 전부터 카톡 리뷰 여러번 쓰는데 읽는지 안 읽는지도 모르겠지만 그래도 빨리 고쳐주세요.",2,1,26.2.2,2026-03-25 00:29:17,,,26.2.2
00fe7e3c-ce63-49ed-a1e6-39bd3af1cddf,용용휘맘,https://play-lh.googleusercontent.com/a/ACg8ocIySVIHy6wiOgGFP2JUPX5xLYl-rtbNeo8gUqg0P6po47bGPw=mo,프로필 하트 공감기능 없애 주시거나 공감안받는 설정을 찾아도 없네요 설정에 하트 안받기 추가요청,1,2,26.2.2,2026-03-25 00:06:26,,,26.2.2
ae37ab55-745a-4901-a045-842a94860b14,김윤아,https://play-lh.googleusercontent.com/a-/ALV-UjXTVYajJWxPnQKq3hW6T288KTDq2gnNFmXc3c6i2GyEfz1CI_c,"거지같은 카카오. 시스템과 정책은 계속 바뀌는데 거기에 대한 대책은 아무것도 없음. 뭐가 바꾸면 거기에 대한 대처는 소비자(이용자)가 알아서 해야됨;; 무슨 안내같은 것도 없고 문의넣으면 제대로 해결도 안해줌. 심지어 그 문의마저도 한참 걸림;; 대체 뭘 하는건지 모르겠음.. 카카오 관련 앱들은 뭐가 바뀌면 바뀐 것에 대한 안내, 대처 이런게 전혀 없고 문의 말고는 해결 할 수 없는게 너무나 많음.. 전에 카카오페이 관련 문제 생겼을때도 정책이 갑자기 바뀌어서 생긴 문제인데 기존 사용자들이 알아서 대처해야 됐던게 너무나 어이가 없음. 그때 문의 넣을때 A쪽에 넜는데 B쪽에 넣어야된다고 해서 다시늠 근데 B는 C쪽에, C는 또 A쪽에 넣어야된다고 해서ㅋㅋ 그냥 몇년간 사용 안하고 냅두다가 최근에 해결했는데 완전히 잘 해결된 것 같지가 않음..ㅋㅋ 불친절하고 잘 해결해주지 못하는 상담원도 문제인데 에초에 바뀐 것들로 인해 피해를 볼 기존 이용자를 위한 대처가 너무나 미흡하고 부족함.",1,3,26.2.2,2026-03-24 23:32:57,,,26.2.2
4af41ae6-2733-4b66-9e6a-34a0e86c811f,stein kim,https://play-lh.googleusercontent.com/a/ACg8ocK7lpJLr-MAfjgtCuEWtltkXhAoQtKXe6GSNf1Hnp1Iy6Abkw=mo,소식탭 보고싶지 않은데 왜 계속 보게만드나?,1,2,26.1.0,2026-03-24 22:52:44,,,26.1.0
35f4e178-3c73-4ee0-9dd8-74d9d6e2c481,신소현,https://play-lh.googleusercontent.com/a/ACg8ocJG9LQTwRC-ZqBQ5NMHmkSHkiT1rwMFYH7MVAIubZksebg87A=mo,배너 알림이 안떠요ㅠㅠ,2,1,26.1.0,2026-03-24 22:28:45,,,26.1.0
f4eee533-11c4-4fc7-b3b5-1c6fa3b017f1,조윤서,https://play-lh.googleusercontent.com/a/ACg8ocKLJ3YcA0UNsIm8utIdfRSatZOqg3x1L9EstWQJTLpSs8A8zA=mo,댓글 기능 좀 없애 주세요 제발,3,1,26.2.2,2026-03-24 22:12:41,,,26.2.2
4c9df0ca-456d-441e-bdad-b0bae3b15fd1,셀레네,https://play-lh.googleusercontent.com/a-/ALV-UjV4aIlBq7HMuST9j7P_JQDAgGJCtspX9PcGahU6iQMVJdyHOHZA,아니 아무말 없이 가만히 있었는데 갑자기 오픈톡 정지먹었습니다 사유라도 좀 적어주세요 뭐때문에 정지인지 자동감지 시스템 좀 없애주세요 그거 오류 많이 나요,1,3,25.8.1,2026-03-24 22:04:18,,,25.8.1
adaedf5c-3d81-4119-94f4-a002909a3633,이영현,https://play-lh.googleusercontent.com/a/ACg8ocIuAHgYJML-B6GxtLCp4fscW3f_Q6i-gP4gpn7ouwqTa5USaQ=mo,"1점도 주기 아깝다. 이유 없이 정지 먹이고 UI 패치는 그냥 망하고 싶어서 한 것 같고, 내가 사장이어도 이런 운영보단 잘할 듯ㅇㅇ",1,4,26.2.2,2026-03-24 21:02:13,,,26.2.2
234edfd7-4a2e-404f-be96-3d99925317d1,YG K,https://play-lh.googleusercontent.com/a-/ALV-UjWSrpyDG4MKBKLv6N0PZ9xSegDj5uQ5XzkKsrJYbJz5Zbefa3k,레노버 요가탭 인데 동시 로그인이 안되네요 개선 될까요?,3,0,26.2.2,2026-03-24 20:38:24,,,26.2.2
d7e54417-a356-4c7b-ab35-ef38bbbddb71,신혜성,https://play-lh.googleusercontent.com/a-/ALV-UjV9bgEc183FKlodkwfxohCRQyVylR2PTXGUNmitMu5gJvsPNLo,"본인들 베스트셀러에 굳이 분탕을 치는 역대 최악의 기업. 친구창 개악과 쉰내나는 숏폼 신설, 메신저에 쓰잘데기 없는 ai 넣는다고 개인정보 수집은 덤에 업데이트 강제까지? 심지어는 이제 휴대폰만 바꿔도 유료결제를 하지 않으면 백업도 안되게 바꿔놓음. 용량이 모자라다는데 꼴랑 20mb면 아무도 못옮긴다. 그 톡서랍 구독 강제시켜서 얼마나 더 벌어먹을 작정인지? 발전은 고사하고 퇴보만 하는 메신저앱. 어디 이번 리뷰도 없애봐라 나쁜놈들.",1,3,,2026-03-24 19:45:48,,,
a3265754-c5ea-4daf-8f03-0860e76cc4a0,정은,https://play-lh.googleusercontent.com/a-/ALV-UjXQaAFGedgTFyLpj6oHmJRQk_Hr7ttArLweGX3-tYo7PYVt5MY,업데이트 막아놨는데 이젠 카쇼라 메시지 보려면 억지로 업데이트 해야 한다구요???????,1,2,26.1.3,2026-03-24 19:35:10,,,26.1.3
526880a4-cd6e-4d5e-8e0f-2af97af20133,미1친사람,https://play-lh.googleusercontent.com/a-/ALV-UjXFwTlXXrnUGS3WvJ2NN2wg80n8zS6bqPjV6imMgtoQm4jHSjC6Tg,이기적인 윗대가리때문에 망가진 쓰레기 어플,1,2,25.7.0,2026-03-24 19:06:54,,,25.7.0
978b53c8-f22a-45f8-b5c1-d80430d8ae77,나락,https://play-lh.googleusercontent.com/a/ACg8ocLAFruoORtq3C8K2PBf6nRKky0GMnRrmvOjuOZfCI3DqhFX2g=mo,카톡 댓글 모아보기 들어갈때마다 카톡 먹통임;; 클릭도안되고 껐다켜도 그대로임 부모가 없나봄;;,1,3,,2026-03-24 19:04:24,,,
06b41c34-5ad6-4a92-b175-fe33d1dc051c,이경백,https://play-lh.googleusercontent.com/a/ACg8ocKbuyBP1ToqNP3v71AlN1Prq9ebymnumyXxo717u0jeNP_9e5M=mo,goa t,1,2,26.2.2,2026-03-24 18:53:08,,,26.2.2
ac88ca91-63f1-4979-8f17-0b8687c7ae54,별별,https://play-lh.googleusercontent.com/a/ACg8ocKME5bWXmnkehDhZnDrMo0kWLbDkvpwwuEFgeqRixm3IOXreQ=mo,숏폼이 수업 톡방 확인하는데 방해됩니다. 숏폼과 오픈채팅을 붙여둔 이유가 뭔가요?,1,14,1.9.2,2026-03-24 18:41:34,,,1.9.2
dd2fabc8-06a6-4aeb-afc5-f55dec671c20,이슬빈,https://play-lh.googleusercontent.com/a-/ALV-UjVoB0oay8yhgIOibNGtERypnkCAJmXk-qqYnIx_hG7rC0XOCSg,오픈패팅 프로필이 너무 적어요 최소 5개 부탁드립니다.,2,0,,2026-03-24 18:33:05,,,
628ad701-e13a-4693-8873-99294f0d97fa,김인철,https://play-lh.googleusercontent.com/a/ACg8ocJf0zqRgEVFtr9I-ybcHv95jbASIVfw-qsSQKK-8RnwkzwJgw=mo,전버전으로 가자,1,0,26.1.0,2026-03-24 18:24:40,,,26.1.0
d3638c3c-ef9e-43ae-bf20-ac5f6b77897f,김공백 (공백),https://play-lh.googleusercontent.com/a-/ALV-UjXcAsnRSxzCo6bV6qJ4YZ9N5OYbZlkEgvceEd2zMiti5MddAnim,"오픈프로필과 멀티프로필의 개수가 좀 적어서 좀 불편해요. 오픈프로필은 6개 정도, 멀티는 5개 기원해봅니다.",3,0,26.2.2,2026-03-24 18:24:39,,,26.2.2
5208a24f-f91f-4475-b4ed-a51cf7c0fd85,유태홍,https://play-lh.googleusercontent.com/a/ACg8ocKVC84CrkThfC3VD7nDgMO7zP8i67zlH7989MgNR8kC_MZPbQ=mo,업데이트 동의 안했는데 강제로 업데이트 되버렸네,1,2,26.2.2,2026-03-24 18:04:54,,,26.2.2
01add969-93e8-40ab-942f-e4bf13799794,이상호,https://play-lh.googleusercontent.com/a-/ALV-UjUM0qRVcQ21OEnulTFUVhECNbfCECLN1OipmxhEYv11cHD6qMk,카카오톡에서 친구 아이디를 입력하고 확인 버튼을 맞게 입력했는데 카카오톡 친구 추가 등록이 되지 않고 있습니다. 그래서 운영자 님이 직접 카카오톡 화면 위의 오른쪽에 있는 사람 모양과 + 모양이 합쳐진 것을 클릭하고 친구 아이디를 입력해서 확인 버튼을 클릭해서 카카오톡 친구 추가 등록할 수 있도록 다시 업데이트 해 주세요.,1,8,26.2.2,2026-03-24 17:31:21,,,26.2.2
85885f82-3b08-441d-8f5f-1e4b7cb22256,윤준,https://play-lh.googleusercontent.com/a-/ALV-UjULw-1iC7FlmYb5ttaUJXdk8yymYjZU6UlJnm3eaIiD_N7Aljk,이모티콘 보낼때 내가 소유한 이모티콘 먼저 나오는게 아니라 이모티콘 검색창이랑 이모티콘 랭킹 무조건 나오게 함 어떻게든 월정액 팔아처먹으려고 ㅋㅋㅋㅋ 니네는 얼른 망해라,1,3,26.1.0,2026-03-24 17:22:44,,,26.1.0
8cb28e48-3d8d-4ab3-8f4b-5ecaf5a0fa02,사람그냥,https://play-lh.googleusercontent.com/a-/ALV-UjVMResNVQzUS0LwmY1e3--9fzFey9EvbRmmCYKlBJ-8O-tdMQc,뭐 이렇게 바꿔놨냐 오픈채팅 한참 찾았네 그냥,1,0,26.2.2,2026-03-24 16:29:36,,,26.2.2
bb55a4c1-efa2-4075-b5bb-13582ea74eae,하늘별,https://play-lh.googleusercontent.com/a-/ALV-UjVKWQM3-iGk7wDQujbuFENFuCBP771xoKhEKdIjKeWFf2xjqdQ,리뷰 좋아지려면 업데이트 사람들이 카톡 편하게 사용할 수 있게 해주세요,3,1,26.2.2,2026-03-24 16:21:50,,,26.2.2
f2b78f1b-5cba-4889-9b45-a01343dc0804,JH K,https://play-lh.googleusercontent.com/a-/ALV-UjUE5hJ0h1HoKU0AjRO0L0hbEH8rT54vkyZqMQwQ0apXXEAST7v-,최악,1,1,26.1.0,2026-03-24 16:18:43,,,26.1.0
fe0b80ef-d3c8-4da8-a307-16fda1b09b4d,Anon Anonym,https://play-lh.googleusercontent.com/a/ACg8ocKflyzOGtWWVK8E29Mu1m20NZ4RHbOikHBcR7czuaf0Oni2bA=mo,버러지같은 숏폼 없애주세요 제발요 호소드립니다,1,2,26.2.2,2026-03-24 15:56:48,,,26.2.2
edb3211f-a9c1-48a3-9047-638f9041f88c,minsoo kim,https://play-lh.googleusercontent.com/a/ACg8ocKWFD920qwRNJ_hy0VVbGLkJfqLDE9FnBfDGnPg3i0T8ex4RA=mo,내가 업데이트도 안하는 이 앱을 제거하지 못하는 이유는.. 업무연락을 이 쓰레기를 이용하는 경우가 있어서 지금 지웠다가 다시 설치시 최신버전이 설치될까봐 지우지도 못하고 있다. 정말 국민 어플이 쓰레기 되는게 이리 순식간이라니... 지금 이 어플 관리자 및 관계자들은 이런 사람들의 반응에 수치심도 못 느끼나?,1,2,,2026-03-24 15:33:43,,,
7e350d8d-8eed-452d-9516-6683973c258b,권명순,https://play-lh.googleusercontent.com/a/ACg8ocJWAmiRr4ZCEODvJcV__xkwnepD3FeI_wqEy6AlRxXtXeC6rw=mo,편리해요,5,1,26.2.2,2026-03-24 15:06:32,,,26.2.2
59e42268-a3bb-450b-803e-05755bcd6969,zxczx,https://play-lh.googleusercontent.com/a/ACg8ocIMbi6OhISWC2WCjf6JsHuBwaFG2XJgk7gp3pv6tPfydPDD5g=mo,숏폼 좀 치워 틀딱련들아,1,2,,2026-03-24 14:56:52,,,
d8f007c2-d506-4d09-a949-9eff0c935c32,Google 사용자,https://play-lh.googleusercontent.com/EGemoI2NTXmTsBVtJqk8jxF9rh8ApRWfsIMQSt2uE4OcpQqbFu7f7NbTK05lx80nuSijCz7sc3a277R67g,만족합니다,4,0,26.2.1,2026-03-24 14:29:59,,,26.2.1
a0c98bda-979a-4529-9e9b-18d6410de7e3,김은선,https://play-lh.googleusercontent.com/a/ACg8ocLiPO588_bnm-mvEgtPuAhziWyqfMq6zfCUrPP2u_MorhIGXQ=mo,처음으로 롤백원츄,1,14,26.1.3,2026-03-24 14:19:10,,,26.1.3
2cfb0456-9f84-41d9-a117-7b8c27bef91e,지동일,https://play-lh.googleusercontent.com/a-/ALV-UjU8APGjBx0MiwPeREQw8NNLQagH_fDJTe_cTcNlLbdYAJ0FzwkV,쓸데없는 짓,1,2,26.2.2,2026-03-24 14:08:34,,,26.2.2
b55fe365-0ad3-4d5e-b2cf-c3bace10306f,YT Y,https://play-lh.googleusercontent.com/a/ACg8ocLJkzqT1ppIWOsQGjvUgHV0lTXqOdMEj_N6_buZgU1Jkyz_JA=mo,은근슬쩍 친구 리스트보다 소식이 먼저 뜨게끔 패치했네? 니들 뭐함?,1,2,26.2.2,2026-03-24 12:31:19,,,26.2.2
3f8e6245-46ae-4257-808a-3b4fdef1f187,루비TV,https://play-lh.googleusercontent.com/a-/ALV-UjWFe9E3EdE--5Jo23bZfHwtELulbNU7BPGwd5dRDQLYzcT0TZpV,안읽음 탭에 일괄읽기 기능이나 넣어주쇼 만들었으면 일괄읽기도 만들어어지 원,1,2,26.2.2,2026-03-24 12:01:28,,,26.2.2
32b87534-7382-4b28-84a8-05c714c1a2bc,고슴도치,https://play-lh.googleusercontent.com/a/ACg8ocKS2EUG5mhPHVSanr-5d0n2E71SsnZHZB6iumQcBdDCBLbS7g=mo,영포티 한마리가 카카오 물을 썩힌다 + 아직도 5점 주는 놈들이 있다는 게 신기할 정도,1,2,26.2.2,2026-03-24 12:00:38,,,26.2.2
31659742-22b9-46f6-8011-33faff20872d,이주민,https://play-lh.googleusercontent.com/a/ACg8ocLZTOcZAISn0sdnp1tiYG4azbVG77hkO-sW3RvmjGP1coZ98A=mo,또 은근슬쩍 업데이트 해놨네? 그래봤자 인스타 못따라간다고 ㅋㅋㅋㅋ,1,8,26.1.0,2026-03-24 10:14:31,,,26.1.0
22161cfd-212d-4add-a98f-5e6a367428f0,sk y,https://play-lh.googleusercontent.com/a-/ALV-UjXCZT79DywLI04_9_GxxZSu6J2X7Mn_tpTGxmuipt-YmXfDja-E,"차단 해제 하면 친구 목록에 복구나 따로 '차단했던 친구목록'으로 다시 추가 할 수 있게 해주실 수 있나요? / 생일 알림 안뜨게 하려고 카톡 차단 했다가 해당 지인이 친구 목록에서 아예 사라졌어요. 다시 추가를 원합니다, 차단했던 사용자 역대 목록을 만들어주시면 안되나요? 차단하고 풀면 친구로 복구 될줄 알았는데 당황스네요.. 관계를 검토 할 수 있는 진행 절차가 있으면 좋겠어요",5,3,26.2.2,2026-03-24 08:34:36,,,26.2.2
a2830454-a52f-4787-880a-817ce7a04db0,신병기,https://play-lh.googleusercontent.com/a-/ALV-UjXp3o6EGT0_V3R2zzZ1S3WhlQVt61GMgnHoyjt7qLykPD5dAHXH,good,4,0,26.2.2,2026-03-24 07:47:19,,,26.2.2
3633ef88-73cf-4677-ab33-e2954e34c88b,남기덕,https://play-lh.googleusercontent.com/a-/ALV-UjVXyqRhdG7AhK1rako-HIn_tTfIHZiJBgN5HnAcGVSPS9EmhIw,벌레같은 카톡 ㅋㅋ 추천친구 꺼도 계속 뜨네,1,2,26.2.2,2026-03-24 07:32:33,,,26.2.2
923c207c-bf0f-491e-9ba1-b900d8a5ae9e,손해용,https://play-lh.googleusercontent.com/a/ACg8ocJjhf7JmkwTg7UWN8stlq0eVhhsroubDMF1f60rDKqpSrokXg=mo,아무리해도 제 생일 알람이 안뜨는데 수정좀 부탁드립니다,2,1,26.2.2,2026-03-24 07:22:28,,,26.2.2
3217a6e5-7246-44e4-ba35-fa4bfe94ee1a,윤유조,https://play-lh.googleusercontent.com/a/ACg8ocJ75rOMVF3CJTkT-TH-vldoXetZY2e86NnBiu3x35BkPUo_kQ=mo,좋은엡,5,1,26.2.2,2026-03-24 06:53:54,,,26.2.2
31f1c3d6-082b-48e7-ad34-33b8902798e9,부엉이,https://play-lh.googleusercontent.com/a/ACg8ocIrAXQXtb-vswC5xFsycrPWSzVg0D0yvBSxBoN0m9Vt8wuaKQ=mo,스마트폰자체가 파괴되어서 단말기를 바꿨더닌 카톡내역 복구할려면 전단말기에 동의하기를 보냈으니 동의를 얻으란다... 카톡내역 다사라짐,1,1,,2026-03-24 04:32:15,,,
0a43d262-73c0-4171-a158-598d887e97e4,한민우,https://play-lh.googleusercontent.com/a-/ALV-UjV6fnM0Eyw-hXb_1qld13gSzjMtVc55p6ncdaBlo5qmOx2vrGZO,와 앱 최적화 상태무엇...댓글모아보기 저딴건 왜 만든건지 기능추가할때 써보고는하는건지 불편한걸떠나서 렉때문에 카톡을못쓸지경임,1,1,26.2.2,2026-03-24 02:09:27,,,26.2.2
7aa1356c-a36d-4c0d-afc5-6d59d5ebedc0,심소영,https://play-lh.googleusercontent.com/a/ACg8ocKvEPYbbTv_6uj3_9Wu14-x0_IgS13TWV-Q4D370SfpBMHX3GY=mo,댓글을 다시 답장으로 바꿔주세요 너무 불편합니다.. 제발 좀 해주세요,1,6,26.2.0,2026-03-24 01:12:46,,,26.2.0
a589a785-5fb2-41c6-afba-1c55f1773665,Google 사용자,https://play-lh.googleusercontent.com/EGemoI2NTXmTsBVtJqk8jxF9rh8ApRWfsIMQSt2uE4OcpQqbFu7f7NbTK05lx80nuSijCz7sc3a277R67g,제발 일반채팅이랑 광고채팅이랑 분리좀.,2,1,26.1.0,2026-03-24 00:45:51,,,26.1.0
5f36393c-1e7d-4677-a200-777c3524403c,이상윤,https://play-lh.googleusercontent.com/a-/ALV-UjVZjxYK6rpI0_-_uiAhVByCHMLf1VP2-EgeVJN7Q7ac29i2n_8,업데이트를 할수록 불편해짐 예전부터 말하던 오픈채팅 댓글기능은 왜 부정적인 반응밖에 없음에도 롤백을 안하는 것이며 댓글 모아보기는 진짜 뭐하러 만든 기능임? 오픈채팅창 누르면 숏폼이 고정으로 먼저 떠서 불편한거 애초에 카카오톡으로 숏폼 보는 사람이 존재하긴 함? 댓글창 봐도 다 빠놀이 아니면 숏폼싫다는 댓글들이던데? 소식창은 또 왜 만들어서 수백수천만명 사람을 불편하게 만드는지? 진짜 인스타 따라하는 거임? 뭐하러? 이모티콘 즐겨찾기 기능은 또 왜 잠수함패치로 최근사용 밑으로 보내버림? 아니 그러면 즐겨찾기의 의미가 있음? 이모티콘 보내려고 누르면 무조건 발견탭으로 넘어가지는건 뭐임? 이젠 이모티콘 보낼때마저 불편해야하나 발견기능 쓰는사람도 몇 없을 건데 온오프라도 넣어놓든가 뭐하자는거임? 십몇년간 개인정보 안 건드리다가 갑자기 이제와서 개인정보 수집하는건 뭐임? 진짜 전 국민이 공통적으로 쓸 만한 메신저앱 지들밖에 없다고 막나가는 거임? 얘네는 업데이트가 뭐라고 생각하는 거임?,5,273,26.2.2,2026-03-24 00:27:04,,,26.2.2
66d50add-a55e-4b6f-b96e-587df674fabb,땅꾸,https://play-lh.googleusercontent.com/a-/ALV-UjWbo6IELq0zlMuo_pQpRovjER6vnFJJM3M1uVpYscXQhBrTVvoh,사용하면할수록 개벌레업데이트라는걸 느낌,1,1,26.2.2,2026-03-24 00:09:52,,,26.2.2
08dc5b50-ca7e-425c-b967-eb339a37d6cc,이철구,https://play-lh.googleusercontent.com/a/ACg8ocKYEEydPfBRUVyeDUceZnqYyXFwNPpSxKDrvbWGfstXJS117w=mo,참고로 노래는 저작권때문에 어떻게 하지도못함ㅇㅇ,1,1,26.1.3,2026-03-23 23:55:30,,,26.1.3
0985db48-6a12-4c0a-861f-fbef1a222351,멍멍,https://play-lh.googleusercontent.com/a-/ALV-UjUCTajzTHe7_B4xZ4aeBhojkwhk36y8raAx2rAYWXSnELDo7TE,오늘 만료되는 미디어 카톡이 옴. 오늘까지 저장이라 해서 오늘중으로 저장하려고 보니 오늘에도 정해진 시간이 있나봄. 23일에 만료되는 미디어 있다해서 23일 오후에 다운받으려하니 저장불가. 카카오톡이 따로 몇시까지 저장해야 저장 가능하다는 멘트도 주지 않았음. 그저 23일까지 저장가능한 파일이 있다고만 뜸. 안심하고 나중에 저장하려다 데이터 날림. 이럴줄 알았으면 미리 받았지 뭐하자는 거임? 23일까지라 했으면 23일까지 다운받아지던가. 몇시까지 다운해야 다운가능이라 적던가. 덕분에 데이터 날림. 최악의 앱,1,2,25.7.3,2026-03-23 23:43:36,,,25.7.3
d75532c0-3437-4db1-bce8-4089b436a609,ᄀᄂ,https://play-lh.googleusercontent.com/a/ACg8ocKD7ssZtFzS29aVx87FNCUN1SekleTWTxcWlbtfIiKAnpb0pQ=mo,아무것도 안했는데 영정당함;;,1,1,26.2.1,2026-03-23 22:30:37,,,26.2.1
fc84b045-6528-4510-bc09-07b445c11b12,비둘기,https://play-lh.googleusercontent.com/a/ACg8ocJDUalTiTzesNX1Xp8gPXTR95tfvhq0cjHfSdMv6gAqyMRpYg=mo,웬만한 기능들은 좋게 사용 중입니다. 그런데 학교나 동아리 관련해서 카톡 사용은 필요한데 패밀리링크 무제한 앱으로 해놓으면 그걸로 카톡내 브라우저로 인터넷을 우회하게 되는 부분에서 스스로 통제하기가 많이 어렵습니다. 브라우저 기능과 숏폼 기능을 선택적으로 안 볼 수 있는 설정이 있었으면 좋겠습니다.,5,1,26.2.2,2026-03-23 22:00:45,,,26.2.2
4e8a14df-cc43-44a5-8884-6e19ef21cad5,발로란트,https://play-lh.googleusercontent.com/a/ACg8ocLYuti9QwXYXxTU682vH9YetzAB4Bf-0DB5vrKTTrqBR_v6GA=mo,쇼츠없애주세요쇼츠없애주세요쇼츠없애주세요쇼츠없애주세요쇼츠없애주세요쇼츠없애주세요쇼츠없애주세요쇼츠없애주세요쇼츠없애주세요쇼츠없애주세요쇼츠없애주세요쇼츠없애주세요쇼츠없애주세요쇼츠없애주세요쇼츠없애주세요쇼츠없애주세요쇼츠없애주세요쇼츠없애주세요쇼츠없애주세요쇼츠없애주세요쇼츠없애주세요쇼츠없애주세요쇼츠없애주세요쇼츠없애주세요쇼츠없애주세요쇼츠없애주세요쇼츠없애주세요쇼츠없애주세요쇼츠없애주세요쇼츠없애주세요쇼츠없애주세요쇼츠없애주세요쇼츠없애주세요쇼츠없애주세요쇼츠없애주세요쇼츠없애주세요쇼츠없애주세요쇼츠없애주세요쇼츠없애주세요쇼츠없애주세요쇼츠없애주세요쇼츠없애주세요쇼츠없애주세요쇼츠없애주세요쇼츠없애주세요쇼츠없애주세요쇼츠없애주세요쇼츠없애주세요쇼츠없애주세요쇼츠없애주세요쇼츠없애주세요쇼츠없애주세요쇼츠없애주세요쇼츠없애주세요쇼츠없애주세요쇼츠없애주세요쇼츠없애주세요쇼츠없애주세요쇼츠없애주세요쇼츠없애주세요쇼츠없애주세요쇼츠없애주세요쇼츠없애주세요쇼츠없애주세요쇼츠없애주세요쇼츠없애주세요쇼츠없애주세요쇼츠없애주세요쇼츠없애주세요쇼츠없애주세요쇼츠없애주세요쇼츠없,1,3,26.2.2,2026-03-23 21:54:24,,,26.2.2
619c4056-1159-4dda-b90d-23465c2eeab7,김시우,https://play-lh.googleusercontent.com/a/ACg8ocLcgohh6LGJG1sL73fzwP-oPiriZXOz4Ip66K-FkRIop4oh=mo,리뷰 1.2점 홀리,1,1,,2026-03-23 21:31:06,,,
b7569f94-5124-4a10-85d7-4b8ffb210e2a,은은한보랏빛,https://play-lh.googleusercontent.com/a/ACg8ocLH41vDU0ayRDAy__wDOA5RifOdYS1N_3vHgz5v_6oUuBugtw=mo,업데이트되고 소식이 아닌 친구채팅창 리스트로 다시 보이는건 좋은데 제발 내프로필도 맨위에서 아래로 내려줘요 내프로필이 크기도 작은데다 맨위에 쳐박혀있어서 카톡들어올때마다 찾게되네요 그리고 크기도 친구프로필같이 좀 키워주세요!!,4,64,26.2.2,2026-03-23 21:26:25,,,26.2.2
51991b74-d8ec-48d8-8bba-d54feca045a1,김선덕,https://play-lh.googleusercontent.com/a/ACg8ocIqdursJhcauCjVv5Y5ZEvqz5kaILAfo9RCKC5BiDHdjvkRGQ=mo,그냥 쓰지마세요,1,2,26.2.2,2026-03-23 20:58:02,,,26.2.2
bc2c9e91-cb95-4409-810d-ef9e99df1c5c,김민찬,https://play-lh.googleusercontent.com/a/ACg8ocJkrXJctUlDAJmPkatq0bbGkc8h02pWS1q9EE-eaOJvU_Ry4g=mo,좋아요,5,1,26.2.2,2026-03-23 20:48:51,,,26.2.2
73b8fc48-eacb-46ca-97b0-f1c4b3fe0bb7,Joa Joa,https://play-lh.googleusercontent.com/a/ACg8ocKrHMXcMo3aLc9VF-JLACADXbTe0tlS_-ps07oFDZ1iAoOcVw=mo,개짜증나게 캐쉬전부삭제하면 설정이.초기화되서 알림진동에.키워드 다꺼지고 롱탭이런거 다 끈거 다시켜지는데 아이티왜이렇데 엉망인가요 너무시스템이 멍청해서환장,1,1,26.2.2,2026-03-23 20:40:20,,,26.2.2
739f17cb-d36f-43e4-9e26-9f92ada2e665,요거트,https://play-lh.googleusercontent.com/a-/ALV-UjUFTkTa2nvrVZvZORc93kcr9PzEKexYeK6sil4EEJzuxHkjHoOc,유저들 기만이냐? 광고까진 강제로 보는거 아니니까 이해하는데 숏폼뭐냐? 끄지도 못하는 기능을 왜 오픈채팅이랑 같이 묶어놨지? 못보여줘서 안달난거 마냥? 본질을 잊지말자;; 채팅 어플이지 숏폼 볼거면 유튜브나 인스타를 가지 카톡에서는 절대 안보니까 삭제해라,1,1,26.2.2,2026-03-23 20:40:20,,,26.2.2
7afd41c4-33b2-4750-95f5-ae21edc836a1,여혜성,https://play-lh.googleusercontent.com/a-/ALV-UjWny87wsx2bhzXcc7SE_jVOBDiDn51Wt4ruymcSyE0FaiPCBKou,그리고 프로필오류 글오류 떳어요좀고쳐요,1,1,26.2.2,2026-03-23 20:34:05,,,26.2.2
a78dc44b-10d0-4dfc-a2c6-6b3cac97cc2c,임재민,https://play-lh.googleusercontent.com/a/ACg8ocLRuilZeP8mt7-mgPyMTNQhfI486dUD34LQJv0_2dX8aR8bNA=mo,다운받아 로그인 하면 모바일이 로그아웃 됨,1,0,25.9.0,2026-03-23 20:29:51,,,25.9.0
775cc975-6f5d-4a25-9753-23bd100c267b,노하성,https://play-lh.googleusercontent.com/a/ACg8ocKJ_ov5RUqO0opVkJYIv9Hmb7CZYoUsFLEGyVdc1sjaY4ng5Q=mo,걍 ㅈ 같음,1,0,,2026-03-23 20:13:39,,,
7a09d98c-29a5-4d7f-83b6-68c2a7463003,전만호,https://play-lh.googleusercontent.com/a/ACg8ocJ6LJ2bZWCU8FkumKg0CX-Szb5KQYFuN5RHPYKJPIE1NoKIDwmI=mo,이모틴코 기본을 감추고 이모틴코를 사라고 괘롭힘,5,0,26.2.2,2026-03-23 19:54:11,,,26.2.2
5de43a76-b050-48ef-827d-47dc6ca649c0,허니냥,https://play-lh.googleusercontent.com/a/ACg8ocI6NoqaVPC9AncuWqmENHXPeKDxkCpxT6WiO-IWcLiqJsSeRQ=mo,오픈채팅방에 댓글 다는 방식을 바꿔줘라! 작은 창이 생겨서 일반 창과 달리보이고 구톡 쓰는 사람들은 심지어 어디에 댓글이 달렸는지도 구분이 안댄다. 도대체 생각을 하고 개선을 하는것인가.. 많은 사람들이 쓴다고 해서 언제까지 대세 sns가 될것같은가? 이렇게 하다간 정말 점유율 뿐 아니라 사양길로 접어들것이다.,1,1,25.7.3,2026-03-23 19:52:23,,,25.7.3
0601129b-89f4-4824-98ce-a261e6d65009,Rookii P,https://play-lh.googleusercontent.com/a-/ALV-UjVzDx02D_JYcw-mj9sMOQq8hiykWbPMmgwL0-IB8mP3IJYLXiyY,더 노력하자,3,1,11.0.3,2026-03-23 19:26:04,,,11.0.3
eb814c36-71cd-49d8-a379-2add3af3c97d,GS P,https://play-lh.googleusercontent.com/a-/ALV-UjWXBtuyg0DsW-FDqyjQCPp3Y_z88wFWYOzTaAUAb9dHYhurcxBzaA,워치로 알람이 오질 않음,1,2,26.1.0,2026-03-23 19:14:47,,,26.1.0
2408a859-7cb9-4c63-b449-b20456df6100,진원태,https://play-lh.googleusercontent.com/a-/ALV-UjUefxjusgU49URw1p37RItrZz49ZqL0ZcO5GMKMlp1fx4I1q1g,카톡아 재발 소식 이런거좀 없애줘라,1,1,26.2.2,2026-03-23 18:53:28,,,26.2.2
c85c3d91-fe17-4372-9331-32f154cac601,Jihye Seo,https://play-lh.googleusercontent.com/a/ACg8ocInmvMyfW1vBO46g2gxIyrRI36v7iHPiHht2QRR4ZWvh70KCw=mo,최악... 자동업뎃이 왜 되었는지도 모르겠음.,1,1,26.2.2,2026-03-23 18:32:47,,,26.2.2
214c0773-eed2-49e4-8ed2-b00cbc408296,류재운,https://play-lh.googleusercontent.com/a/ACg8ocL3kFbobZForXq8hJvB6FRLfgEKlAvlB1_pSoHFY5AwFXQOeQ=mo,신속한 전달과 단체톡이용등 정말 굿입니다,5,0,26.2.2,2026-03-23 17:47:03,,,26.2.2
97dcea39-4796-43a8-87a3-cfcec726b455,BK K,https://play-lh.googleusercontent.com/a-/ALV-UjWh_Z-d_D8USQtF32Ri5jMlrvfeJnKYjjKreMYSoP6ttv83we-N,소식 안궁금하고 숏폼좀 치워주세요.,1,3,26.2.2,2026-03-23 17:15:35,,,26.2.2
d79e3272-1750-44d7-aa3e-c1a247b504af,서남규,https://play-lh.googleusercontent.com/a/ACg8ocL7DKxOQDLTTVAsfyMaCrc7m7wpOi1gmjG-KYCtmea779AaUg=mo,좋은기능입니다,5,1,26.2.2,2026-03-23 17:14:20,,,26.2.2
d4b10fac-4aa6-46a3-a0df-f832a9919ca7,휘현,https://play-lh.googleusercontent.com/a-/ALV-UjUUcwL7lXatllmXyJzaWoARybE9jX-BmfE_41-Rgh5Ay_xJ15SU,굳이 수정됐다고 표기할건 뭐에요?,1,2,26.1.0,2026-03-23 16:51:32,,,26.1.0
d6025456-fdcb-4f70-986a-34f5257f61ff,Google 사용자,https://play-lh.googleusercontent.com/EGemoI2NTXmTsBVtJqk8jxF9rh8ApRWfsIMQSt2uE4OcpQqbFu7f7NbTK05lx80nuSijCz7sc3a277R67g,"오류가 왜이리 많음. 공유하면 다른 사진 가고 읽었는데도 알림 남아있고, 딴걸 추가하더라도 원래 기능은 잘 돌게 해줘야지",1,1,26.1.0,2026-03-23 16:24:57,,,26.1.0
085124d6-3d88-4b88-a43d-8bf9fbe10eeb,Shou1D,https://play-lh.googleusercontent.com/a-/ALV-UjVDLzdzj55HbhUeKcGOojthmOcZDcbrDmhpLKgjEKCrnWSnxos,롤백좀,1,0,26.2.2,2026-03-23 16:06:50,,,26.2.2
c29fbb9d-278a-4c78-80c6-0cc3c77da5ee,록시,https://play-lh.googleusercontent.com/a-/ALV-UjXYIDeI-WZmWAybZYmGMdPD0x_gxk2JOgclngG0NcZKlL9KGtVb,소식 좀 없에줘 관심도 없다구요 중국이 돈이라도 주디? 개인정보 넘기라고 했어? 왜 쓸데없는걸 만들어서 다들 피곤하게 해 돈에 미쳐ㅛ어? 이용하는 사람이 편해야 더 많이들 이용할거 아니야 거기까지 생각을 못해봤어? 좀 생각을 하고 만들어 댓글에 사과글 하나 없는거 보소 뭐 사과글 올린다 해도 복붙만 하겠지 그냥 하던대로 하면 되는데 쓸데없는걸 왜 만드냐 이말이야 회사놈들아,1,2,26.2.2,2026-03-23 14:48:58,,,26.2.2
5ce83c50-12dc-4018-b6ac-29a093371393,봉채낸들러,https://play-lh.googleusercontent.com/a-/ALV-UjVjAF8ShbmTAe2hKI0v_5_zUz2xSMxr1FFK7YgwANVehbGmAEHw,제발 숏폼 포함 이상한 기능들 없애는 버튼 좀 추가해주세요 솔직히 필요없는 기능이 너무 많아서 쓰기 싫은데 이미 너무 익숙해져서 삭제 못 할 거 아니까 이렇게 계속 이상한 기능 집어 넣는 것 같은데 제발 없애는 버튼이라도 만들어주세요 제발요 불편하고 정보 얻으려고 오픈채팅 버튼 누르면 영상이 먼저 뜨니까 짜증나요 관심 앖는 영상이 아니라서가 아니고 그냥 톡이 바로 안 뜨고 영상이 떠서 짜증 난다고요 불편하고 제발 정신 차리고 기본으로 돌아오세여,1,2,26.2.2,2026-03-23 14:20:03,,,26.2.2
f7ab23ef-167b-4fe7-96cc-127e01f3f119,찬스,https://play-lh.googleusercontent.com/a/ACg8ocIKJPwCl5aMYkir6bvs_-xP78eBDcZOvFd7r56OZQM5UTieVg=mo,더 불편한 서비스를 만들기 위해 노력하는 중,1,1,26.2.2,2026-03-23 14:16:42,,,26.2.2
64e1bf61-6927-4fb5-a6dc-57b73bcb7137,꿈꾸는세상을위하여,https://play-lh.googleusercontent.com/a/ACg8ocILaGlLcQldPa6Wcf6uPbOl1aeN2aaKX5uVjJDl8XVeZvGCSw=mo,강제로 업데이트하네 ㅋㅋ 인스타도 아니고 진짜 개짜증나네,1,0,26.2.2,2026-03-23 14:11:31,,,26.2.2
7661f060-7193-4854-af6b-57e6a0ab6ab6,박카오,https://play-lh.googleusercontent.com/a-/ALV-UjXdMS12AGP7l50OZIFATBv53eopD8c9QX-Exspl7OG8jZE1TEtJ,메신저 주제에 숏폼을 하고싶으면 따로 만들던지 오픈톡이랑 겹치게 해놔서 자꾸 틀게하는데 보기싫습니다^^ 그래서 설정으로 재생 안 하게 해놨는데 수시로 바뀌네요? 찌질하게 이딴 짓 하지마세요,1,1,26.2.2,2026-03-23 13:46:21,,,26.2.2
fe936059-f4d4-4b17-8083-ea09381da6d9,박미진,https://play-lh.googleusercontent.com/a-/ALV-UjWX_MNFzShYjXB8j__IxXxpFoVG3kwPGAZvMtwqQAXtEjRbiIaL,최고예요,5,1,26.2.2,2026-03-23 13:16:34,,,26.2.2
c023163a-d370-451f-8554-b44de7ec1289,ta sang,https://play-lh.googleusercontent.com/a/ACg8ocKmgd6ixfOKPaD7YRMKXClm7yQZB70ZJxBbjqK7fk0NlC3GlQ=mo,롤백 언제함,1,2,,2026-03-23 13:13:25,,,
042f3401-8f64-47c2-88ef-ff58ffce5b4d,이정근,https://play-lh.googleusercontent.com/a/ACg8ocJWjiV09Dzym-thmjjYFNBXLgQimir3_gFQd3TSW_S-_XIBlw=mo,업데이트 되고 점점 더 구려지네... 주식 떨어지는 이유가 있네,1,2,26.1.0,2026-03-23 13:13:03,,,26.1.0
0d22ab72-d939-49d8-a987-460750df27c9,이동근,https://play-lh.googleusercontent.com/a-/ALV-UjVx-zIk6Ks_BzRbT3tFEczmSsP7wjfaS2nHKAsMRyi_JijNZ9pE,강제광고,1,2,26.2.2,2026-03-23 12:32:10,,,26.2.2
73f11ed4-542c-413c-99c1-e8b4d36a7439,Jeongsu Seo,https://play-lh.googleusercontent.com/a/ACg8ocL8E_-Q-MSEvAESOT1w7gar37dFi9T61KvEMgTPGtDhZ9EmfA=mo,왜이리 안좋게만 가는걸까. 정말 처음 띄울때 선택할 수있게 하던가 보고 싶지않은걸 왜 자꾸 띄워 정신사납게 하는거죠 ?,1,1,25.11.2,2026-03-23 11:53:08,,,25.11.2
eccafd26-fb3a-4c1c-a90b-88ea102ae837,박경민,https://play-lh.googleusercontent.com/a-/ALV-UjXsEAzRaB9d1iJYtwSMGLAxbgWlbn2gJyjCORnsGSdwQTJDE7St,생일인 친구. 업데이트한 친구를 굳이 보고 싶지 않습니다. 이전 버전에 있던 기능이 지금은 왜 빠졌는지 궁금하네요....26.3.23. 아직 이 문제점은 해결이 안될까요?,1,12,26.1.0,2026-03-23 11:52:29,,,26.1.0
f640fdc9-4613-45b1-9b4f-c53757a3d739,bubbletea,https://play-lh.googleusercontent.com/a-/ALV-UjWB7wTTuatyXmeA3wEEJLkdJ9K7aBxE1IyZq3xC0jrqFd0jOB53,너무불편하다,1,1,26.2.2,2026-03-23 11:47:30,,,26.2.2
6591af6b-e330-4509-acc5-1e2494eb5d43,염민선,https://play-lh.googleusercontent.com/a/ACg8ocKWZXllGtnlUDS3nLAJOKp8rMQlJbE7chZQCjlHf6kbUs_qNQ=mo,진짜 리뷰 안 다는데...카톡 접할때 마다 자꾸 소식부터 열려있는데 소식에 올라온 내용 보기 싫으니 안 열리게 설정을 하게 해 두던가 쫌!!!,1,1,26.1.3,2026-03-23 11:30:39,,,26.1.3
6beacd0d-64b2-4e0d-8b59-4ed4bc3b9544,김종혁,https://play-lh.googleusercontent.com/a/ACg8ocJCgCfRuQHYBg-eKpSnBOuhaV6MQMhc_a-dBiR66ZpsViADrA=mo,채팅방에서 메시지 입력 중 휴대폰이 재부팅됩니다.,1,0,26.1.0,2026-03-23 11:28:58,,,26.1.0
15e66fc3-1dfb-4451-b82a-aee4eae2ddea,최대현,https://play-lh.googleusercontent.com/a/ACg8ocKYCoAyXCbNnKmZQTwfKOGg57NQwKINz3_xMII77CY1jMOaEg=mo,여러가지 도움이 많이 되는 앱입니다,5,0,25.11.2,2026-03-23 10:11:04,,,25.11.2
04351864-4771-47f0-a181-0b3e43e2fc2a,Somin Kim,https://play-lh.googleusercontent.com/a/ACg8ocKrHph_8pujeqc__3l0AlK5BaXvotIEdIIwXSZfcWQM6naT-wg=mo,친구 소식 탭 좀 없애달라구요... 없애는 옵션 살려달라구요!! 아.. 진짜 단체로 갈아탈수만 있다면 안쓰고싶다..,1,22,26.2.2,2026-03-23 10:02:22,,,26.2.2
86498297-6d76-4e4e-9573-c51e5d1b8f8a,한나비,https://play-lh.googleusercontent.com/a-/ALV-UjXwJjnS4PB-Uw1PzhyTunR4LvwOsL2TJqz4xvd_9N-eemGdkjE,별한개도 아깝습니다. 카카오톡 기본기능은 유지하면서 가볍게 순기능을 유지해야지 이것저것 갈수록 용량부터 기능을 다집어 넣어 앱이 무거워지면서 그걸 핑계로 톡의 순기능을 잊음으로써 갈수록 불편하게 만드는걸 모르시는거 같은데 글쎄요 사용자 편의가 아니라 개발자 회사 편의만 추구하는거 같습니다. 여기서 느끼셔야합니다. 한번 마음돌린 고객은 돌아오지않는다는걸 영원한건 없습니다.,1,1,10.2.8,2026-03-23 09:23:26,,,10.2.8
c63c1f59-31d3-48ae-a004-46ae13dd8c42,이성희,https://play-lh.googleusercontent.com/a/ACg8ocKw0JXcEyYaNujvfNYaXs7EZiBU1kLJiQo_a3n1OBQmOFFCug=mo,댓글모아보기 당장 없애주세요 쓸모없는거 만들지 마세요 오픈톡방 댓글기능 왜 만든거에요 불편해요 이상한거 자꾸 만들지 마세요,1,15,26.1.2,2026-03-23 08:58:18,,,26.1.2
a78b6c59-7e2a-419d-a1ca-7153d86db00d,my danny,https://play-lh.googleusercontent.com/a/ACg8ocIuXFJudceJztHdXNQUousDFf811Dd0mf_yL6SuAVVXU7uFuQ=mo,참좋다,5,0,26.1.3,2026-03-23 08:49:19,,,26.1.3
44621a82-3003-4667-9a50-80ec79595ff2,Jenna Kim,https://play-lh.googleusercontent.com/a-/ALV-UjUnbkuFi1iW4rTmDg9DDDC752kjX-jy8eq3gbcJ2fCULRjpSyMG,인스타 식으로 바꾼거...와...와...불편한 직장동료들도 돌아가면서 내 프로필을 볼 수 있고 와...와...사용자 의견은 1도 묻지 않은,1,5,25.9.0,2026-03-23 07:01:24,,,25.9.0
fe03a102-6d4e-4eff-a56c-15829d217aed,Google 사용자,https://play-lh.googleusercontent.com/EGemoI2NTXmTsBVtJqk8jxF9rh8ApRWfsIMQSt2uE4OcpQqbFu7f7NbTK05lx80nuSijCz7sc3a277R67g,생일이랑 업데이트 안보고싶어요ㅡㅡ,1,7,26.1.0,2026-03-23 06:49:03,,,26.1.0
a1a731ee-22e0-434a-afec-86d054d584af,Gee Go,https://play-lh.googleusercontent.com/a/ACg8ocL0ou2OhfUZmnwnuym_ciqUSVHqSLkcqqs8TcgM7aHu5dEQHA=mo,강제로 '소식'으로 가져있네 난 넘긴적도 없는데 또 슬금슬금 업데이트 그지 같이 하고 있네 관심 받고 싶냐??? 옛다 별 하나,1,4,26.2.2,2026-03-23 03:00:43,,,26.2.2
c95e8357-1720-4e9a-b3cd-054350fc46b8,Nihil,https://play-lh.googleusercontent.com/a-/ALV-UjUeBZsDsqTrNkXKdsxuB3U0XG8PkuiEHJ1Q9btS9wnWf4nNtkwH,오픈채팅방 보이스룸이 진행중인데 안 뜨는건 학창시절에 무리에 못끼는 민택이를 나타낸건가요?,1,0,26.2.2,2026-03-23 02:00:24,,,26.2.2
b235eaad-30dd-4edd-bd58-159667698abd,박지수,https://play-lh.googleusercontent.com/a-/ALV-UjXCE4g40XFXF8scc5YcpjOnVk37gnrqcaela4v28ORdM4A3vY5h,안편하고 사용자에게 맞춰 주지도 않는 완전 완전 완전 개 불편한 앱. 참여하는게 있어서 그렇지 대체 할 앱 있으면 갈아탄다 진짜.,1,3,26.2.2,2026-03-23 01:22:17,,,26.2.2
4c676098-e590-4f0a-906d-01c722e6d016,지니,https://play-lh.googleusercontent.com/a/ACg8ocL52E4CCrBeD7JCLlt9gf0Y3OpYLI4lcDoM2Z3H1KrNMuvXVMI=mo,친구 생일 이나 업데이트 숨기는 기능이라도 만들어주세요;; 개불편하네,1,2,26.2.2,2026-03-23 00:27:11,,,26.2.2
7ea879ab-315f-49d4-b91b-c11e689e169f,박두열,https://play-lh.googleusercontent.com/a/ACg8ocIlD1RblGPq5p7aRo4UqtedWaz26PPWyqXbCNcIrsv8tesUcQ=mo,"아.. 진짜.. 기존 이용자들은 배려조차 안하고, (특히 새로운 변화에 반응하기 어려운 중년층 이상에게는 최악일듯. 당장 나도차도 이게 뭐야 싶은데.) 이걸 혁신이니 리뉴얼이니 희희낙락해 할 기획팀에게 화가 머리 끝까지 나네요. 새로운 시도를 해볼거면, 새로운 어플을 개발하세요. 새로운 개발과 타 어플을 이길 방도가 떠오르지를 않아 기존에 이용자를 확보해 놓은 어플을 통해 새 도전을 해보고자 하는 것 같은데, 최악입니다. 반탄작용 완화에 대해서라도 고려하셨어야죠. 이전 버전 선택이 가능하게 하셨던가요. 가뜩이나 중국에 개인정보 유출한다는 논란에도 국내 최대 메신저라는 지위로 땡깡피우는가 싶었는데 이렇게 마구잡이식으로 바꾸더라도 이용자들은 우리 어플을 사용할수밖에 없다고 또 땡깡피우는걸로밖에 안보입니다. +와! 이전으로 돌려놓는 척, 앱 실행하면 자연스럽게 친구목록이 아니라 소식창으로 가게 해 두었네요! 꼼수에 박수를 !!",1,6,26.2.2,2026-03-23 00:02:07,,,26.2.2
3eb72e89-c78e-4b56-8a5d-1ec423225ca9,김말이,https://play-lh.googleusercontent.com/a/ACg8ocICl0d5XwbhEPU3BIi70CAfN0b-P-BjP9C6256g_ZK9urt82g=mo,굿,5,0,,2026-03-22 22:33:08,,,
28aa2ec7-278b-49d0-97b2-4102e82ede1b,오민석,https://play-lh.googleusercontent.com/a/ACg8ocKUPuCTd4R0BP2blCrlHYCe3lXBKQl2nzzbmxnNET434_MsVw=mo,망했,1,2,26.2.2,2026-03-22 22:25:00,,,26.2.2
b93e9e96-c1a4-489b-893a-d75d94e5adfd,Hayoon Jung,https://play-lh.googleusercontent.com/a/ACg8ocLgGbjCpISQkTnnlpcKXD3dWfZIbESbIP1NbEnAC0SU8qG_3A=mo,광고도 많고 원치 않는 기능도 많음,1,2,25.7.3,2026-03-22 22:19:26,,,25.7.3
e938fb36-0710-4076-8452-fc48528881de,박주희,https://play-lh.googleusercontent.com/a/ACg8ocKBtncgSkZbFAClFXMLXpdHa01E5UVVA9kw2fkrV1tv07SNUg=mo,혹시 왜 오픈프로필차단 해제 기능은 없을까요..차단 못푸는 것도 모르고 장난으로 한명 차단했는데 해제 기능이 없어서 차단 상대 채팅도 못봅니다. 너무 당황스러워요. 오픈프로필 차단 해제 기능도 만들어주세요. 나머지는 너무 좋습니다!,5,2,26.2.2,2026-03-22 22:01:30,,,26.2.2
f4bb6217-ae90-41af-a836-7deb4b9ebe13,조민서,https://play-lh.googleusercontent.com/a/ACg8ocIyXN6XeGrAog07e1DVJEOeiefT07KkHhFlXy810Te8W6MNPQ=mo,걍 좋아요 (?),4,0,25.11.2,2026-03-22 21:59:25,,,25.11.2
19da8e0c-2611-4f84-99dc-aecb8ee20649,최면왕,https://play-lh.googleusercontent.com/a/ACg8ocJE6UoEi4hNHy0Fvmg9JLGdP7DGcy4Dk4VHpIl_xVwVHzO0Yzg=mo,업뎃 지들 ㅈ대로 함,1,2,25.7.3,2026-03-22 21:21:40,,,25.7.3
a5d2578c-9ad7-4e69-a4e6-80de9db9df69,베나,https://play-lh.googleusercontent.com/a/ACg8ocIj1uMb1GMHXzyZWocf7noZUtj7WyNaMyBB-fgQO-UIcLhIJw=mo,진짜 세상물정 하나도 모르면 이런 업데이트가 나올 수 있다는 교훈을 주는 사례입니다,1,2,26.2.2,2026-03-22 21:04:03,,,26.2.2
3ee8d283-73e8-4c5c-9d64-87ab3c652ea1,SY Kim,https://play-lh.googleusercontent.com/a/ACg8ocKQt4YV6ry7DyeTu5mYRtw2CtotPR893U6kvkYuScfmb7_OHg=mo,업데이트 친구 좀 안보게 해줘요 제발,1,2,26.1.0,2026-03-22 20:40:36,,,26.1.0
0bd998c2-ba35-4c4a-b95f-c449eeba66a7,헤이롱,https://play-lh.googleusercontent.com/a-/ALV-UjUAg8Lvo8w-YWPmJC27mij7oRHnpCwnmcJ8mfwBBsvxFuopJYA,데이터를쓰든 와이파이를잡든 일시적인네트워크라고 뜨면서 팅기는데 이거해결좀해주세여 딴짓거리하지마시고,1,3,26.2.2,2026-03-22 20:20:10,,,26.2.2
50d8ce15-93e9-4cfc-aed6-036c4de5b5f0,지누씨네,https://play-lh.googleusercontent.com/a-/ALV-UjV-hPGoUe5fY7S7HGUWaPXQPn7dLIlZ3r2L4yPYB3yf765odhtg,업뎃 안 한 내가 승자✌️ㅋㅋㅋㅋㅋㅋㅋ 2025년 9월부터 오늘(2026.3.22.)까지도 안 함. 댓글 보니 여전히 안 해야겠군ㅋㅋ,1,2,25.7.3,2026-03-22 20:16:43,,,25.7.3
7058f17f-2189-4934-8c24-a8d95afff4f8,Chang,https://play-lh.googleusercontent.com/a/ACg8ocLlszui5-unwfW3PLOFH5ar9gWAy8ERQY0szjqBd7Thx_HiDg=mo,인간적으로 최근사용 이모티콘이랑 즐겨찾기 이모티콘은 다른 탭으로 구분 좀 해주소,1,2,26.2.2,2026-03-22 20:15:32,,,26.2.2
5394421a-d3a0-45a8-b5d9-c2c25147f3d6,일루제,https://play-lh.googleusercontent.com/a-/ALV-UjWKdMfBvL18ov3782KlkHGdD56NHffQ_UkktAnbrX1qrFWsFGU3AA,"카카오톡 초기 데이터 구성 때문에 너무 불편합니다. 몇 번을 반복하는지 모르겠고, 그때마다 설정이 초기화되어 고정해둔 내용까지 모두 풀려버립니다. 원인도 알 수 없어서 더 답답하고, 매번 다시 설정해야 하는 과정이 번거롭습니다. 한두 번이면 이해하겠지만 계속 반복되니 사용하기가 점점 힘들어집니다. 문제 원인을 확인하고 개선해 주셨으면 좋겠습니다 제발요",2,33,26.2.2,2026-03-22 20:12:22,,,26.2.2
e867e8c8-d706-4af6-a66e-7b8634d67189,김주혁,https://play-lh.googleusercontent.com/a/ACg8ocLjvpAArFfvVMTcvXuXFfN_K4Fodd-NJIYlOjocxHuzIuCD_Q=mo,카톡 업데이트 추진한 사람이 싹 다 고아원 출신이란게 학계의 정설 ㅇㅇ,1,6,26.2.2,2026-03-22 19:49:37,,,26.2.2
77c7d40c-f14a-4043-99cd-b7ca99d5bb98,고윤정,https://play-lh.googleusercontent.com/a/ACg8ocImDtU0K7E8-fVP9Hn513YUM3xozz-D-d_t4i9-i_8TClui8A=mo,카톡 문제점 피드백해줘도 댓 안다는것부터가 일단 썩은듯. 업데이트가 편하라고 하는게 아닌걸 여기서 느낌. 이게 정말로 대표메신저가 맞는지 많은 생각이 든다.,1,2,26.2.2,2026-03-22 19:39:41,,,26.2.2
3afa13a4-be8a-43f2-a0ce-61200144d26c,Green tea*,https://play-lh.googleusercontent.com/a-/ALV-UjU2YXaPRbpg5YqOddW0Er0H1IlrQXtb4iSkzUTJqs59hjmwOUi4,숏폼 때문에 오픈챗 들어가기 개불편ㅡㅡ 아진짜 욕나옴,1,3,26.2.2,2026-03-22 19:31:14,,,26.2.2
1abfcf70-f57b-47d0-a665-f2206681a563,박준서,https://play-lh.googleusercontent.com/a/ACg8ocKd9zsgDlZ39XDPkPjGl44zn2yTwNx71Ee86ZC7Yae0u00xfg=mo,이걸로 여친 사궈서,5,0,26.2.2,2026-03-22 19:00:31,,,26.2.2
241ff77f-28f4-4db1-b3c8-a2cb86e9e1a2,황태희,https://play-lh.googleusercontent.com/a-/ALV-UjX9k76iSu_vbo4HH5soPnqDCZKOi7OE99UWnMbKHsVZPhjfYYs,너무 최고져 프로필도 꾸밀수 있고 요즘 댓글도 추가돼서 재밌어요,5,0,26.2.2,2026-03-22 18:52:47,,,26.2.2
6706c016-2011-4068-a121-ef91b5aa4cba,현상민,https://play-lh.googleusercontent.com/a/ACg8ocIRBOzFYzrJPnN0QV9wPNfnRzyXkpDHbjj2FCMYrLFy-LwDmA=mo,주문이 불가능한 지역은 뭐 어쩌라는거냐?,1,2,26.2.2,2026-03-22 18:48:47,,,26.2.2
deaaf2e8-d59f-42b2-8bd4-7ce600d0d773,나도 아이폰 쓰고 싶다(갤럭시 싫어),https://play-lh.googleusercontent.com/a-/ALV-UjV6-svhKS-wD4MNHW3IBFbrTz3OvrxjMKIIHxZ7192GACHQsGAQ,업뎃 전으로 돌아갔음 좋겠는 분은 아래에 있는 [예]를 눌러주세요,1,312,26.2.2,2026-03-22 18:42:01,,,26.2.2
a96574b6-787c-4676-bfed-b78f4d018c80,이선아,https://play-lh.googleusercontent.com/a-/ALV-UjVzheRCWa_KCGEPRps-iHcjkzhPG0mpt7lqkilmIKzOZ9U4FDw,아...진짜 제가 가장 잘 쓰고 있는 앱 중 하나인데요. 카톡이 인별그램처럼 바뀐다 했을 때 별 생각은 들지 않았어요. 좋아서 매일매일 쓰고 있어요. 메세지보다 더 많이 써요. 지금까지 잼의 평가 입니다. 감사함니다.,5,0,26.2.2,2026-03-22 17:31:10,,,26.2.2
9bf004ca-8817-4cdb-9122-79fbc26aeff0,루비,https://play-lh.googleusercontent.com/a/ACg8ocIGzdvsFMkYFny0aSxQhHH5amzibnsPNOiYe5I3m8tR_deh3w=mo,1점도 아까워요,1,0,26.2.2,2026-03-22 17:30:29,,,26.2.2
cce583b4-fce0-4628-807e-4f6dbbfe9635,마병옥,https://play-lh.googleusercontent.com/a-/ALV-UjWcc2YROkfOXb3FVG1Lcp2O8a9BIGYcH35qTIkGh4H8gt6mHeXw,본인인증 얼굴인식이 경쟁사(토스) 와는 다르게 계속 안돼서 답답합니다 본인인증기한이 다음달 까지라고 하던데 하루빨리 고쳐주세요,1,1,26.2.2,2026-03-22 17:28:19,,,26.2.2
5a8adb80-4b77-4be1-8ca0-652e49e6e569,귀여운거짱좋아,https://play-lh.googleusercontent.com/a-/ALV-UjUu2UGI8g7zdBD50yFWX0376tofziUBKE7fCa-a4TZFRwny1Oq0,걍 숏폼을 왜 봐야하는거야 짜증나게,1,2,25.11.1,2026-03-22 17:15:34,,,25.11.1
dcef0e58-aee0-494a-9f06-3b89b3ac8de9,Lydia Young,https://play-lh.googleusercontent.com/a/ACg8ocKvDFrvay7EC6o4fVWpT7jN-5xOzzFc0sX59KmtEKiwzcyteQ=mo,"댓글기능 너무 짜증나요. 아니, 아예 창이하나 새로열려서 피로하고. 채팅방에도 보이기 체크해야하고. 이전 답장기능으로 돌려줘요. 이것 때문에 누구에게 답글 다는거 꺼려짐. 확인도 불편하고 입력도 불편한 이딴건 누구 머릿속에서 나온 업그레이드 아이디어일까. 채팅방에 함께 보내기 안한 댓글은 사실상 확인도 안함. 이미 확인안하는 광고 메세지가 한가득인데, 댓글탭까지 확인해야하는 피로..를 업데이트로 만들다니. 요즘 다 어떻게 접근성 좋게 편하게 할까 고민들인데 굳이, 불편함을 만드네.",1,2,,2026-03-22 16:34:39,,,
4544005c-85f1-469a-918e-193caf5149eb,김동현,https://play-lh.googleusercontent.com/a/ACg8ocId-vmjm6QXYHPpdyu3YlgXTvMZaD7EzTM39OfCwRUSVp5m6A=mo,결국 망해네,1,5,26.2.2,2026-03-22 15:30:16,,,26.2.2
a854d4e2-4988-4f7a-90d6-e8bea4d4a275,권순찬,https://play-lh.googleusercontent.com/a-/ALV-UjXAdrWIbN6y0RSdsDMDftcvIA2YKoleM52JnB9uiB84Vnfj0xIP,잘안되요,2,1,10.7.4,2026-03-22 15:26:35,,,10.7.4
8fde8ab1-655a-4b8a-8a11-e3f8c91b603f,Hyeon QQ,https://play-lh.googleusercontent.com/a-/ALV-UjXo1U3Qt80PsRoP6_aKLcqa2yZ9elqveax5RBDLDHHZq3kG4mM,쓰레기앱,1,2,25.11.2,2026-03-22 15:13:51,,,25.11.2
9aa9724b-1977-4ad5-8016-5f49183d5dd3,권오명,https://play-lh.googleusercontent.com/a-/ALV-UjWI3KEFN7KfT8sHsyhKuTax0ThQBfgRJOAqllGlq6COlOpFGbxA,소식 알고싶지도 않은데 강제로 업데이트 해서 보게 만드는건 뭐하자는겁니까,1,2,26.2.2,2026-03-22 13:41:01,,,26.2.2
fcc065c3-c059-4b3a-b889-7045cc91755c,방구석잉여,https://play-lh.googleusercontent.com/a-/ALV-UjXf5K8W0H0DGSw01m6lGFSCSKYRwzP6cSf2zCR96avPOD_2y9AL,프로필 언제까지 확대해서 보여줄건가요?,1,2,26.1.0,2026-03-22 12:50:57,,,26.1.0
7e962a58-25fe-4916-b5a5-361a969e5e5a,mel cha,https://play-lh.googleusercontent.com/a/ACg8ocL2KcvF7zvmQWQLWFfClrvwvpXIOXJN97u4I23NKqoXaZcjEg=mo,도대체 쓸데없는것들을 뭐하러 ㅊ넣은건지 모르겠네요. 개인정보나 빼가고 그러니 주식 그모양이지,1,2,26.2.2,2026-03-22 11:59:51,,,26.2.2
6e4a3829-9710-483d-90db-81a903fa0a20,금토끼,https://play-lh.googleusercontent.com/a-/ALV-UjVAAK-EBkrwI9oCukhSs4bkBAmKkUr118dKiVw4ke2BnrIsg5fC,소식부터 뜨는 거 극혐이네 왜 잊어진 남자 선배 얼굴을 대문짝만하게 나오게 하는 건지 참 또 숏폼은 괜히 분잡스럽게 왜 넣음,1,2,26.2.2,2026-03-22 11:56:22,,,26.2.2
c9b1677d-39d1-49b5-80c1-226932e84fd1,xo xo,https://play-lh.googleusercontent.com/a-/ALV-UjVbZYgVfJU9ocwbwS1T1gtqsrzKeTXK5NovTXJaLtyJvIsuxapsWQ,"하.. 왜 자동 업데이트도 설정 하지 않았고 업데이트 하라는 창 뜰 때도 하지 않았는데 제멋대로 업데이트 됩니까? 카톡 내용은 카톡 내용대로 복구도 안 돼, 무엇을 위해 업데이트를 강제로 하는 겁니까?",1,2,26.2.2,2026-03-22 11:46:21,,,26.2.2
a4bd45f1-d60f-4e59-beba-c806c2820c0b,김효원,https://play-lh.googleusercontent.com/a/ACg8ocI5ub8Dii_V-HZtL02sOMeJo2HrEq8ZeVQIKuHGU6vTe6lXOQ=mo,카카오톡에서 사진을 클릭하면 영상으로만들기라는 자막이 뜨는데 이걸안뜨게하는 방법좀 알려주세요. 너무불편합니다.,3,1,26.2.2,2026-03-22 11:31:08,,,26.2.2
72610a9a-2fe6-4976-b521-10800ddf1653,ITX마음,https://play-lh.googleusercontent.com/a-/ALV-UjUjNw91V3AchVaXNpOVBBPgtGn7_mCD79EWj_qTt1KxdI9SpCU,진심 이거 댓글기능 겁나 불편해요 안그래도 숏폼이랑 소식 그것도 불편합니다 그리고 이제 오픈 채팅방에서 댓글을 달아도 무조건 채팅방에 함께 보내기를 눌러야된다고 하니 더욱 불편하네요,1,3,26.2.2,2026-03-22 11:24:40,,,26.2.2
960063cb-a4bb-40d0-b1d2-0c73dae4133c,황영준,https://play-lh.googleusercontent.com/a/ACg8ocJs0by4OqWnjnM92td9nOsFBORdFh9Lp2sz4I-WiFNQrkKPmg=mo,전으로 돌려달라 누구를위한 리뉴얼인가,1,0,25.11.2,2026-03-22 11:23:47,,,25.11.2
17ef4ff6-5822-4033-acf4-785a31976384,이예쁘니,https://play-lh.googleusercontent.com/a-/ALV-UjXCHRThDzbQVfhA3cF8NzlR9wCoYL6sfoUFqqPAk6iiZ4CDYJls,카톡 열면 숏츠가 계속 처음으로 뜨는데 이거 무슨일인가요? 오류인가요? 원치않는 이상한 숏츠 강제로 노출 시키기있나요?? 처벌받고싶으세요? 숏츠 없애주세요 진짜 재미도 없고 짜증나니까,1,94,26.2.2,2026-03-22 10:31:35,,,26.2.2
ba9c4ff9-65f2-4a12-a87b-c7f844c02aeb,골골골,https://play-lh.googleusercontent.com/a/ACg8ocKtGLc5amzdf2ZVefLjCcm_enThIQfe5LltaHUjPuFKRdjI8A=mo,"최악, 너무 불편함",1,2,26.2.2,2026-03-22 10:25:08,,,26.2.2
7267a66c-e829-4b63-aa4e-fc13b59c1037,안길영,https://play-lh.googleusercontent.com/a/ACg8ocIHsPvUbC_RwyjTNEtqHqxtKF5GfF-GeUhIh_0JCLaGl6b84ts=mo,"일단 태블릿을 가로모드로 사용하는 사람으로서 친구 프로필을 누를 경우 1:1채팅이나 보이스톡 부분이 잘려 메세지를 보내지 못함. 아이패드에선 최적화가 잘되어있다는 느낌을 받았지만, 갤탭은 단순히 크기만 키워둔 모바일 카톡, 더 나아가 그거보다 불편하다는 느낌을 받음",1,2,26.1.0,2026-03-22 10:22:24,,,26.1.0
9a4c654f-e3fc-4e99-9bd3-ab844f1363e0,서현영,https://play-lh.googleusercontent.com/a-/ALV-UjXT3Wz9wx1G7FVi_D0C87mT5cUK7UBMS11YTumouC-M3-Srm6C_,오픈톡방 댓글기능 보낼때마다 일일이 체크해야되고;;; 카톡 개망했네 그냥 ㅋㅋㅋ 네이트온이나 라인으로 넘어갑시다 여러분,1,2,26.2.2,2026-03-22 09:55:30,,,26.2.2
ee6e4384-a9ab-4853-a23a-edfbd2d47686,Zaeho Yu,https://play-lh.googleusercontent.com/a/ACg8ocI-9vJd4kwl4OLg4fOcyFWV3MGYNIjYKFXYBdOSeqsNMOIoYg=mo,별점 0점이 없는게 아쉽다,1,2,25.7.3,2026-03-22 09:51:18,,,25.7.3
13c6fc2e-4b1b-412c-8469-5dacb23aff59,허종구,https://play-lh.googleusercontent.com/a-/ALV-UjWnq9ANXFXJhiYImOZZss68WwkOhmZ88GWJVkcM-jZSzCPbfeU,26년 3월...숏폼이 우선뜨는건 여전하고 친구리스트 소식먼저뜨는 오류를 가장한 짓거리 ....아직도 정신 못 차렸네 화면 볼때마다 제작자에게 저주의 욕만하게 된다.(25.10.12) 숏폼 보고싶은 사람만 보는 선택권을 주던가 오픈채팅 탭을 우선으로 하던가 완전꼼수적인 이런 행태는 사용자를 개와 돼지로 보는것인가?,1,4,26.2.2,2026-03-22 09:14:26,,,26.2.2
e17775a2-f094-45a1-82ee-961d9294c3c7,노신이,https://play-lh.googleusercontent.com/a/ACg8ocIZ-VFZ2l2yXuyplbgLj8ts_LacM-mp9PaUNAaApDroUFCqDg=mo,카카오야 니가 2030잡고싶어하는마음안다 내가2030인데 롤백 막아놓고 카톡팝 영상 잘봤다 간다~~~,1,2,,2026-03-22 08:49:53,,,
a9ed1c18-6a5c-4417-824b-6663ba596cbc,sue H,https://play-lh.googleusercontent.com/a/ACg8ocIRqnyFfnoqSgdnwz6_MTn_717CMvzB0pRjEc9nN488cFEqBA=mo,댓글더보기 너무 불편. 댓글더보기 창 들어가면 버벅대고 바닥화면에서 댓글더보기 도배돼있고 댓글 더보기 창에 있는 채팅 중에서도 댓글달고 싶은게 있는데 맨위에 글에만 댓글달수 있음. 내가 나한테 댓달고 누구한테 한건지 알수 없게됨. 이전이 심플하고 직관적이었음. 업뎃있대서 기대하고 업뎃했는데 그지같은거 언제 롤백함?,1,4,26.2.2,2026-03-22 08:47:53,,,26.2.2
933e2ae4-7548-4d3b-91d4-bece10e0feb4,J J,https://play-lh.googleusercontent.com/a-/ALV-UjVyMxeb2jM6zx6dhUVt7HLvaGQa7wC5gYR46wkJtt_TNQjsZmwnfQ,그냥 쓰레기앱,1,5,26.2.2,2026-03-22 04:36:18,,,26.2.2
ce4ffe73-c131-44d0-a5b7-0174720e43be,손혜민,https://play-lh.googleusercontent.com/a-/ALV-UjXyhnhy91R0VuyqaQb1B7OJN1Q9EVhwvnNdAnP_vDlX-lqONKA,오픈채팅방 누를때 영상좀 안 보이게좀 해주실래요? 한번 더 눌러서 오픈채팅방 키는것도 귀찮고 저능 초딩같은 30살 어른들이 젤리를 샐러드와 먹는법^^같은 영상 보고싶지 않거든요?,1,3,26.2.2,2026-03-22 02:00:36,,,26.2.2
69798404-301d-445d-896e-177b29a3613a,스칼꽃등심,https://play-lh.googleusercontent.com/a/ACg8ocJ63CzYncKb9AguSZFx4FgUyHwQgJEuFPX1JkqsZHtda-FkpQ=mo,압데이트한 친구 및 생일 친구 안 보는 버튼 야무지게 삭제하신 이유가 뭘까요,1,2,26.2.2,2026-03-22 01:22:13,,,26.2.2
60274110-b67c-48bc-b03d-a345d84bb532,원딜 조 아,https://play-lh.googleusercontent.com/a-/ALV-UjUB_TC8PLbX5Wg1_8-RAXCP5sJt41yMT849-Q4Moc0gSmXKwemi,인증요청 제한24시간 이딴건 왜 만들었는지 모르겠,1,2,26.2.2,2026-03-22 00:48:07,,,26.2.2
a556e2c8-a88d-4f92-90d7-10d9de2a6c17,서채원,https://play-lh.googleusercontent.com/a/ACg8ocKUDMEfjMiMb0dEBst-hhK50Qgxtqz3eRbqKlH4JVukbdzq2w=mo,잘 쓰고 있는데 선물하기 위시에서 친구공개에서 나만보기로 설정할때 아래로 스크롤하면 자꾸 위로 올라가 져서 불편해요,5,1,26.2.2,2026-03-22 00:33:19,,,26.2.2
8b5aa9c6-7a69-4139-8ba9-73345e4e1a04,Ksy,https://play-lh.googleusercontent.com/a-/ALV-UjVw-L4Ncgz-a2qSafauXibje730pwjWx2Vf9RpUoJgwISGMyp9B,업데이트 취소해라 제발 카톡은 공적인 용도로 쓰는 경우가 많은데 왜 그러세요 그래도 국민 채팅으로 나름 믿을만 하다고 생각합니다 리뷰 왜 이렇게 물타기 됐는지는 모르겠네,5,4,26.2.2,2026-03-22 00:14:39,,,26.2.2
385a22a2-83ca-49f0-85d3-4da1871523bb,정우,https://play-lh.googleusercontent.com/a/ACg8ocIuiVklXATyKrTC_DUfV34gh78KydJDI_2wOIVJ4tehv3gjtQ=mo,"카카오톡은 숏폼과 광고, 그리고 광고와 광고가 앱 곳곳에 있어요👏",1,2,26.2.2,2026-03-21 23:34:37,,,26.2.2
ca70e0bf-a46f-4585-b48e-2a81718f0b64,곽교은,https://play-lh.googleusercontent.com/a/ACg8ocKkmk9q_SalNrsWa0i7e3VtvgriYLJ459dkXpzLVNO-Xat6lw=mo,뭐만 하면 옾정이야!!!!!!! 아 제발 프사 지금 바꿀테니까 옾정 풀어주세요 옾정 풀으시면 5점 으로 바꿀게요 제발,1,4,26.2.2,2026-03-21 23:09:42,,,26.2.2
858438a2-d78b-4049-95fe-9f9437a35ebe,감라이프TV,https://play-lh.googleusercontent.com/a/ACg8ocIBh4mPQTqOSYzejKoPk86wbdWrFFqTVn9PRgOpVjY55S0xxxU=mo,좋아요,5,1,26.1.0,2026-03-21 23:01:21,,,26.1.0
77ef03c9-08fa-46e1-aa9e-46e26c3dc480,김예전처럼,https://play-lh.googleusercontent.com/a-/ALV-UjX-h7N3ERjUNimSSLG-zBhwN6iI5y-96BVQk-OemKeFCvvQuRE,누구 아이디어 인지 모르겠지만 이 아이디어 낸 사람은 카카오톡 간첩 같습니다. 그냥 왓츠앱으로 갈아탑니다.,1,2,26.2.2,2026-03-21 22:50:25,,,26.2.2
74225ccf-c617-4930-8a9f-fd9af1883fd9,임재영,https://play-lh.googleusercontent.com/a-/ALV-UjWu3FD3Dy__ZWkTzZzT9t7DODZC7moouYm663OsC1Zel4x8sWNVfQ,태블릿인데 왜 전화번호를 넣을 할까요 ㅜㅜ 괜히 폰번호 넣었다가 폰 카톡 다 날아갔네요 ㅠㅠ,1,1,26.2.2,2026-03-21 22:15:12,,,26.2.2
9bc99b17-d747-42c1-b8b1-a0b70861580b,Jason,https://play-lh.googleusercontent.com/a/ACg8ocIyP4Z57WNia2XLTtZd8wvx9Y26S7dWe0Cchdqqd7m02LMpxZ31=mo,아이패드는 별도의 전화번호 인증이 없는데 레노버 아이디어패드 11은 별도의 전화번호 인증이 있습니다. 차이가 무엇일까요?,1,0,26.2.2,2026-03-21 21:51:21,,,26.2.2
242e409a-9ac1-4a53-8985-c168fe8d3af0,윤도화,https://play-lh.googleusercontent.com/a/ACg8ocLQUBRmxiUu1TmCfZsHh7Zw-dYFHbpMalonML84RFJn95u_qA=mo,1 점도 아깝습니다. 제발 예전으로 돌려주세요 진짜 업덴한지 좀 됐는데 아직도 안익숙하고 불편합니다. 앱 회사 측에선 수정 부탁드립니다.,1,2,,2026-03-21 21:13:06,,,
8c6451ea-ae8f-4c6f-bbcf-c492dcbf3b42,이성애,https://play-lh.googleusercontent.com/a-/ALV-UjWlTNwqIwtTI0vDZDD62vc0gDSKfpGpHPFqDSdZnu6fEETI_0ph,최근 내기록 강제수집하다는 소식을 들었습니다 당신들 미쳤습니까? 우리는 콘테츠그딴거 관심없고 AI비서도 필요없어요 그러니까 선넘지마세요 짜증나죽겠네왜자꾸 사람들이 싫어하는 짓만 하시지 저희가 카톡아용하는 이유는 대화하려고 이용하는거지 당신들 사심채우기용으로 이용하는건 아니에요 정작 원하시면 앱을 만드세요 안그래도 피드가 있는거 불편해죽겠는데....당신들 하고싶은거 하지말아주세요. (+하고싶은거 그만하세요),1,10,26.2.2,2026-03-21 20:17:27,,,26.2.2
fb131ddf-0125-4863-9154-b0fa38163932,dohoon Ban,https://play-lh.googleusercontent.com/a/ACg8ocKb0L_hLr1_1IVZhZiAp2DSiLmHgkJy8-FKPaEIBVggHZTs0A=mo,최악중에 최악 업데이트..,1,2,26.2.2,2026-03-21 19:47:18,,,26.2.2
4eb02481-e5b8-4be6-a29f-a02797468e3b,James,https://play-lh.googleusercontent.com/a/ACg8ocLTKLZX3d9hSTFyGmOPa3vf-DdiYqeWpeBoborWqo7RaCPovw=mo,너무 멍청하다. 이용자 불편하게하면 결국 내리막길 가는거야 MS 처럼,1,2,10.7.4,2026-03-21 18:56:36,,,10.7.4
afd7c44f-dcad-47f3-844e-1b60743b710b,김홍규 (물빛맑은계곡),https://play-lh.googleusercontent.com/a-/ALV-UjVd616XK980_D0ezSzWjaggwW8mF91khk6r-7FeDBBnjy1YgsQ,안좋음,1,2,26.1.0,2026-03-21 18:46:27,,,26.1.0
4b11f6f7-20d7-467e-8bc4-7827d9796578,얍얍,https://play-lh.googleusercontent.com/a-/ALV-UjU9gJ4yvPBEu_nZ3yNNQG_S65DpdToBcyAI9q8xT4A44FRkxA8,이젠 하다하다 업데이트안하면 글을 못보게 만듬? 대단하다 니들은 ;;;,1,2,10.2.3,2026-03-21 18:17:32,,,10.2.3
8437c7fb-d17e-4614-8aca-e8bfac2588e3,GOM 52,https://play-lh.googleusercontent.com/a/ACg8ocKMbmPqsf9E0IKuEZ9LPO7iWQcutJp3E8KFZyZRyDeAKgo3Kw=mo,또 친구목록부터 뜨네... 그렇게 욕을 먹고 정신 못차린겨?,1,2,26.1.0,2026-03-21 17:57:27,,,26.1.0
ca3e6c5c-c1cd-4185-8f44-1330513e57d8,컷코베인,https://play-lh.googleusercontent.com/a-/ALV-UjX_r0_f_Vy-04ELKOrQLIEmRdlfkV5q5OiFLsZtWOHfm19YD79r,다른건 괜찮은데 제발 오픈톡 넘어갈때 숏폼 뜨는거만 고치시죠? 사정상 어쩔수없이 업뎃한 측면이 있는데 유튜브 쇼츠나 SNS 릴스도 안보는 사람을 억지로 보게 만드는건 참,1,4,26.2.2,2026-03-21 16:31:36,,,26.2.2
d68977ff-5a07-4767-92a2-d90ab4ac94d6,원서영,https://play-lh.googleusercontent.com/a/ACg8ocLt3XNUwCXVY7xILtb5S0ryMbwXxPEveL_Cykd2AE4Pmm_Wcg=mo,댓글기능 너무 불편하고 숏폼도 안보는데 왜추가한건지 모르겠어요 지인들이 다 써서 쓰긴하지만 이런 기능은 추가 삼가하시길 바래요,1,2,26.2.2,2026-03-21 16:00:28,,,26.2.2
5a196dce-9472-4f9c-a6f0-5e184de8d1da,남자Geoumyong Kim,https://play-lh.googleusercontent.com/a/ACg8ocLnfF0OeR8soMfp3Kasn02z72xvK-8fPpHkXrxjga1MkzH_2A=mo,업대이트좀하지마라너무용량늘어나서.다른앱쓸수없다,1,2,25.7.1,2026-03-21 15:12:26,,,25.7.1
eab17355-581b-4225-92b0-5bcc5d515f78,박재희,https://play-lh.googleusercontent.com/a-/ALV-UjVN4A4II86dBRIXe3Q9aJQQ-UE7QWDG_I3o5hKRyvXWMgao-9g,카카오톡 제 맘대로 구형 스마트폰 사용 못하게 인스타그램 개편 하려다 볓 테러 또 당 정신 차리지 카카오톡 그냥 메신저입니다 안드로이드 8미망 사용 하고 보안 Ai 탑재해 보안 처저히 해주셨으면 좋겠습니다 안드로이드 상관없이 서비스 종료는 무채색 것 밖에 안됩니다,1,2,,2026-03-21 14:34:21,,,
f2958901-a4b9-4b63-8c97-6ef14877b43f,류재현,https://play-lh.googleusercontent.com/a-/ALV-UjV3h_JV19N489hwOow35pPg2Wjg_6oaPAq_3MfMIjLBQaIN6IPN,앱 최적화 ㅈ박음,1,2,26.2.2,2026-03-21 14:06:13,,,26.2.2
c644c9e2-b0a9-4934-bd08-fe25ad426c49,박진찬,https://play-lh.googleusercontent.com/a/ACg8ocInzefvOxEH3DDo9XvJtVkEg6P0jRgYdD4NlAu7hfi2RSVoYA=mo,굿,5,0,26.2.2,2026-03-21 14:00:10,,,26.2.2
e30dd6bd-0b44-4c1c-a8f2-1cf519a23fc3,silver,https://play-lh.googleusercontent.com/a-/ALV-UjWdiKlAOmASp19XSZWeR36RA15znM8c3z61pxsE95fgYXV_A1MY,백업이 개빡셈 원랜 쉬웠는데 뭔 인증을 원래 쓰던 기기에서 함;; 그 기기가 맛간사람은 백업 하지말란거임?ㅠㅠ,3,2,26.2.2,2026-03-21 13:36:57,,,26.2.2
66931bc4-33fc-4c94-a927-c10a8d650ef6,김웅성,https://play-lh.googleusercontent.com/a/ACg8ocIRdSLI6Ee6yPMFZDHOs9wOkR4lJcPxAx1jgVOupAbF2umX-g=mo,최악의 앱... 다시 예전으로 돌려주세요 다시 돌아가욭,1,1,26.2.2,2026-03-21 13:29:56,,,26.2.2
3280fc0f-7d64-4f74-a919-520dd793bdfc,kreyszig,https://play-lh.googleusercontent.com/a/ACg8ocJ3HviuMLOgc5kabanieL16A8Let3z7O0NFf4gB84NhZbWr1A=mo,"단톡 알림은 뜨되, 그중 1명이 말하는것만 알림 안뜨게하는 기능 만들어주세요.. 단톡을 개인 메모장마냥 사용하는 사람이 있어서 스트레스받아요",3,1,26.2.2,2026-03-21 13:28:21,,,26.2.2
881edba8-bceb-4515-9fb7-98b2f583c2c4,성욱이,https://play-lh.googleusercontent.com/a/ACg8ocIxxX53681i5R7VJL3tXuKivprCH6d4mDT5PbViGfAjP7h-1Q=mo,갤럭시 s7 사용하는중입니다 업데이트가 안되서 예전버전으로 쓰고있는데 4.13일부터 업데이트가 안된사람은 이용할수없다면 대체 어떻게 하라는 건가요?,1,3,10.7.4,2026-03-21 13:27:56,,,10.7.4
9805fbf2-d985-49ab-b451-b473fbd3dcbc,승리,https://play-lh.googleusercontent.com/a-/ALV-UjXFwo9rVmytNTr63aZ9p0H-FPlxjyOFyeEZt2rJ6Q13EXr6NcIn,아 좀 이상한거 그만 업데이트 하세요 댓글인가 뭔가 불편한거 만들어서 업무 꼬이게 만들고 좀 정신좀 차리고 가만히좀 있으세요,1,2,26.2.2,2026-03-21 13:22:47,,,26.2.2
3afba887-16be-4f2a-9ab5-848d541343cc,- Euriks,https://play-lh.googleusercontent.com/a-/ALV-UjWQanK9xswsYqXj0Sw-DDueNiDdpXL2tiOvnySzN2Los8Txuia6,pc 에서한 대화내용 폰에서 보지도못하는데 클라우드 요금 받아먹는게 말이됨?,1,1,26.1.0,2026-03-21 12:45:37,,,26.1.0
dd4301db-effb-4948-a14e-91be124d4ad2,따바리오,https://play-lh.googleusercontent.com/a/ACg8ocKbMLHA9AJyUrjYdKZaob3QWOIJxq2XKuKNh7bxqvfI5p6ElA=mo,제발 댓글기능 좀 없애라 이딴건 누가 컴ㅣ컨펌한거냐 갈수록 쓰레기 어플이 돼가기로 작정한건가?,1,2,26.2.2,2026-03-21 12:37:59,,,26.2.2
0f5d6b9d-997f-4c11-b6f6-21d67c83a6c1,장윤영,https://play-lh.googleusercontent.com/a/ACg8ocKqJ9kp3sEkRN4V6mf8hQFyEntKGXD0Og3h_YlQdzg0KQac4w=mo,예전같지 않타,2,2,25.11.1,2026-03-21 12:27:31,,,25.11.1
79e6156e-79a9-4fd0-bf28-db8d433a74a9,Mingeun Kim (pr0v3rbs),https://play-lh.googleusercontent.com/a-/ALV-UjUK51LR2afNT36ajJzU7e-AT4DiEyh8tGF68kK2Y6vDWf6GK4mz,오픈채팅방 들어갈때 숏폼 나오는거 극혐 1점도 아까움,1,1,26.2.2,2026-03-21 11:28:49,,,26.2.2
199b9df8-407b-46ec-b9e7-a940c8cd9909,최승혁,https://play-lh.googleusercontent.com/a/ACg8ocJX6LBQgufbIDSNN4fsrCXuwFAyjZj2XvN11ungjZCX4Ptr-w=mo,구리게도 만들었네ㅋ,1,1,26.2.2,2026-03-21 11:24:23,,,26.2.2
8fba8767-e331-4898-964d-f680576f21bc,묵인,https://play-lh.googleusercontent.com/a/ACg8ocLsybOYhhEZtmVwRcC2DQGj3ZHrjkQZq-_DkUyU-x2h1NmvkQ=mo,그렇게 부정적인 피드백 전 국민적으로 받은 걸 다시 스리슬쩍 소식 탭 부터 나오게 잠수함패치... 진짜 회사 판단능력이 심각한 상황으로 보이네요.,1,2,26.2.2,2026-03-21 09:24:00,,,26.2.2
6cdf6339-002e-44ec-b3f6-291f6987725f,임철,https://play-lh.googleusercontent.com/a/ACg8ocIGyyH63X501Qr8Sg0Tf2b3zzsjJtnQyMoohZDGDDS9bKsa8A=mo,또 슬금슬금 친구소식 뜨게 하는데 이거 없애던지 안볼수 있게 설정을 만들던지 하라고. 너무 속물스러워서 토쏠리니까,5,13,26.2.2,2026-03-21 09:13:55,,,26.2.2
480f89ad-4c3c-47db-82e7-c2cc8ac91765,마술사왕,https://play-lh.googleusercontent.com/a-/ALV-UjVAhIiqaSpWJdA-3GwkPNpCxMAU_ikmi-CXqI-nEMkhcSje4yU,채팅탭 개선좀 개불편,1,1,25.11.2,2026-03-21 08:56:29,,,25.11.2
75ff0108-b86b-44ad-b934-9bbef7cea04b,고미소,https://play-lh.googleusercontent.com/a/ACg8ocKWyq4dnzU4vWL2XW4Invh2CRGWD9OCdgHGY_Ahltg1D3gexA=mo,계속 업뎃 안하고 있었는데 플레이스토어에서 강제 업뎃 해버리네 ㅡㅡ,1,5,26.2.2,2026-03-21 08:49:03,,,26.2.2
0dd473c3-5cd9-4c73-9d90-5601de698af1,대박흑곰,https://play-lh.googleusercontent.com/a/ACg8ocIPnuJdOIQRwT-oMM51egtUu2uSWz9JTT6BzJZUXKFc1w1vxQ=mo,"단톡방이나 오픈채팅방 사이에 광고 좀 끼워 넣지마라. 광고는 따로 탭에 넣던가.. 채팅방을 보는건지 광고를 보는건지. 채팅방 찾기가 짜증난다. 단지 메신저 채팅앱으로 카카오가 성공했지만 한순간에 끝날수도 있다. 주주 ,이용자들 의견 무시하지마라.",1,3,26.1.0,2026-03-21 08:37:36,,,26.1.0
64c2d6a4-dff2-4735-b29c-7dce6c4a5399,진지자장,https://play-lh.googleusercontent.com/a/ACg8ocIyztxYUn2M2Cwf4LbWkNgSMp6HnTUA96WfXmpjc86sWT8vdg=mo,오픈톡 탭 바꿀때 자꾸 이상한 숏폼 영상들 강제로 보이게 떠서 매우 불쾌함. 오픈톡에 생긴 댓글 기능도 기존 답장 기능이 훨나음. 댓글 알림도 효용성제로고 오히려 끼리끼리 파벌 조장하기 딱 좋은 기능을 공식이 만들어버렸음,1,3,26.2.2,2026-03-21 08:02:55,,,26.2.2
26cc05c5-ae35-41e4-b20b-16ca4131520b,Yoona K,https://play-lh.googleusercontent.com/a/ACg8ocINKGDgImYG_p5371ZI4Vg3QAJFmgE-0sZhXkK0mGnZ3z948Q=mo,왜 내가 카카오톡 때문에 다른 앱들을 업데이트를 못해야하지 ? 귀찮아 죽겠네... 왜 점점 다운그레이드 되냐,1,2,26.1.0,2026-03-21 07:08:41,,,26.1.0
8f835c48-4c55-4daf-a1c9-55c84ae66f33,밀덱,https://play-lh.googleusercontent.com/a-/ALV-UjWd72FgD4uEgGjFOViOUVo2i7MJOkWr1OlZFvFVH0imZHEdZV7K2A,숏폼 제거할 방법 알려주세요. 강제 시청 당하기 싫습니다!!!!!!!!!!,1,2,26.2.2,2026-03-21 06:20:54,,,26.2.2
a586020a-5e46-42f2-ae74-dba4c2e486d4,Lk M,https://play-lh.googleusercontent.com/a/ACg8ocIxkG6MwumXVBGuTSoelCU5GSRgQh-k_335IiCu29Nse05XZQw=mo,이번 업데이트 완전 최악입니다. 깔끔한게 아니라 더 복잡해졌어요 다시 돌려내 원본 저장 기간? 이건 또 뭔가요 없었던 것 같은데 없애주시면 좋겠네요 답글 메시지는 또 뭡니까... 왜 자꾸 이딴 기능만 추가하시는지 모르겠네요 부디 한시라도 빨리 정신을 차리시길 진심으로 기원합니다 답글 더보기 누르는데 왜 자꾸 중단 되나요 애초에 만들질 말지 +프로필 뮤직 추가 하려는데 검색창 누르면 키보드가 나타났다 없어졌다 하고 글자가 꺼꾸로 입력되어서 'Lay All Your'을 쓰려면 'ruoY llA yaL'라고 써야합니다 오류 고쳐주시기 바랍니다,1,24,26.2.2,2026-03-21 00:09:05,,,26.2.2
b858cf46-aeed-490d-ba94-6d091ff9f209,용용,https://play-lh.googleusercontent.com/a/ACg8ocI4OV62feLCPm1ItIPCErn8jBD-Y1np2IYsZAVsyfMgDzQd7w=mo,진지하게 하는 소리다. 숏폼이랑 댓글 기능 다 없애라. 답장 기능 다시 넣어라 이딴거 왜 처 만 드 셨 습 니 까,1,2,,2026-03-21 00:00:18,,,
445a0d83-dffe-43cc-bb87-a7f0968e1a61,김진오,https://play-lh.googleusercontent.com/a/ACg8ocJnplgkRv_dp2YQK00l005Jswn61aEKSZBxg1_VA0YOhBZu=mo,기기변경 전에 대화목록 백업하려고 톡클라우드 구독하고 백업다하고 기기변경했다. 데이터 다 복원하고 잘 옮겨진 듯 했다가 하루도 안되어 대화가 다 날아갔다. 그리고 고객센터에 문의한 결과 삭제된 기록은 자기네가 어떻게 할 수 없다 였다.,1,2,26.2.2,2026-03-20 23:53:14,,,26.2.2
76a202b7-5934-4069-a3dd-21f9b2cc3dfc,blue M (Bluemushroom),https://play-lh.googleusercontent.com/a-/ALV-UjWcGEa1MeEtS-YvgOuxB_yglAR8P1prDyzkTHxB4Jl0F-F5Yfve,인앱 브라우저 진짜 극혐이에요 광고 차단 1도 안돼서 조금만 잘못누르면 바로 쿠팡뜨는거 진짜 찐찐찐극혐 빨리 인스타에 밀려서 역사속으로 사라지길,1,112,26.2.2,2026-03-20 22:58:08,,,26.2.2
434870e6-ddac-40b6-a6fa-8fa099b218dc,이라거해미인,https://play-lh.googleusercontent.com/a/ACg8ocL_5eUd1w8HPZ_fz402l4vspdX1y97Z60C4mfbVOQvbtwvniQ=mo,이오 진짜 댓글기능 부숴버리거 싶네 카카오톡 망해라,1,2,26.2.2,2026-03-20 22:36:26,,,26.2.2
284741db-8531-4231-a4df-439aaf1aaab8,장시얼,https://play-lh.googleusercontent.com/a-/ALV-UjUg-XrJwQWKedM0R98D1egK2gjdyESNIiG9Gv68YCbDQkcAeyg,쓰는이에 집중 쓰기 좋게 맞춤 이러네,1,13,25.7.3,2026-03-20 22:32:13,,,25.7.3
921b3810-5972-4b3c-bba8-487d7e8bd44a,공주,https://play-lh.googleusercontent.com/a/ACg8ocLqpylEYKdT7YbnSB6NhMOdG4m7TerMx6v8ANGAIa9hX6Jdyg=mo,짱제밌고 메세지 올때 카톡이라고 소리나서 누가 나한테 채팅 보냈는지 바로 알게 돼고 광고도 없어요!,5,1,26.2.2,2026-03-20 22:18:35,,,26.2.2
a0bf20d8-c900-49bc-b5a1-a140dfdadac1,Jin Yang,https://play-lh.googleusercontent.com/a-/ALV-UjXjl9y_OzaYhcaezVm3urk-PfV7LB2pQ2Z0e-DqZKYsoSVxitIh,짜증최대극치. 댓글 모아보기 기능 생기고부터 데이터 잡아먹고 폰 느려지고!! 헷갈리는건 덤이고!!! 댓글모음도 확인한건 자체적으로 삭제하는 기능을 만들던가- 데이터 관리하려고 보니 유료서비스 만들어놓고. 이건 진짜 농락이라고 본다. 아...대한민국 카톡 벗어나야 한다고!!!!,1,2,26.2.2,2026-03-20 22:01:06,,,26.2.2
a90c02c1-e32f-476b-aeb6-5476debc7cc0,공정훈,https://play-lh.googleusercontent.com/a-/ALV-UjXVXihs-gRZTR1xaQkSJDLpej9yHKK9V3tti152tXmLMCjEwHBd,감사,4,0,26.1.0,2026-03-20 21:12:40,,,26.1.0
b06065cc-b397-448e-acc9-df892ef72e65,예병국,https://play-lh.googleusercontent.com/a/ACg8ocKsYb5dhW1Y6ECUnsulpcpVwrOffx73bbcsq1BG6W2xPxX29w=mo,좋아요,5,1,26.2.2,2026-03-20 20:31:37,,,26.2.2
d0e9808c-836f-49f8-84aa-21a34bd53ded,이유민,https://play-lh.googleusercontent.com/a-/ALV-UjXPab-145x2TnJzAIIfQpAOwSsFkcuFvYngbQ3MEZ0PuySF1pep,댓글기능좀 다시 어떻게좀 해봐여 개불편해요 이걸 어디다 써먹으라고 ;;,1,2,26.1.0,2026-03-20 20:27:45,,,26.1.0
eacd413e-818a-472f-af0a-4b7c5ed6c278,정성현,https://play-lh.googleusercontent.com/a/ACg8ocL_czBPUD92aRNoRrcATmxx3R1W4GDTWSQvrMltRoY29QsVNw=mo,카카오톡 + 숏폼 = 카카오똥. 폰 바꾸면서 업데이트 해버렸는데 갈수록 더럽고 난잡해진다.,1,2,26.2.2,2026-03-20 19:42:11,,,26.2.2
2137683a-ff3f-47f3-96de-0dad58c2d453,임종민,https://play-lh.googleusercontent.com/a-/ALV-UjXJkc0fGWH7RxUaHj5V0Hhhc3rRRlNXQwap_5TgSPBxNoQ6Jui0,나가라,1,2,26.2.2,2026-03-20 19:09:48,,,26.2.2
95260dda-c09a-4967-836a-b019f5ff64c9,hyewon ham,https://play-lh.googleusercontent.com/a/ACg8ocKF7Ifyk7d-Oa9M7YO7x4iFL8ZNzMzhK-6-dl3W-OmjvKjzbQ=mo,왜자꾸 요즘알람이 두번씩 울리죠? 한번으로 족한데,1,2,26.1.0,2026-03-20 18:49:04,,,26.1.0
67a8ca55-3c2d-4afe-baa0-f3eb7a4ea463,bo kyoung kim,https://play-lh.googleusercontent.com/a-/ALV-UjX2BaqorssOS4eG2ADr4M3HitIHl2AG4onYKfqfTnamCpnhYwEc,"뭐지 이거??? 보고 싶지 않은 남의 사진, 소식을 왜 내가 강제로 봐야 하는지 모르겠네.. 업데이트 전으로 돌려놓든지, 사용자에 따라 설정을 할 수 있도록 하던지 해야지, 이게 뭡니까?! 초심 잃지 말고, 그냥 말 그대로 ""톡""의 기능만 충실하길..!!",1,4,26.2.2,2026-03-20 18:40:53,,,26.2.2
ef2ca5e5-520f-4946-966f-c1d1b6184ca3,김김세미,https://play-lh.googleusercontent.com/a/ACg8ocIU6aIgHNpEa-seXa0AFZzPJRLgKzk0GT1Sc_2WhHHgXR2PAw=mo,게임 에서 친추을헤는데안지워지니까좀 스트레스 가많이있음니다,3,1,26.2.2,2026-03-20 18:32:12,,,26.2.2
5c2563a7-0a86-4bd4-a127-102bfdd1b00a,서동찬,https://play-lh.googleusercontent.com/a-/ALV-UjUmuGl1NapA6Pzkk-FsTi3ykmtQIGdQwU1_pU2oegeiBZe_4DhS,업뎃하고 개열받게됬네,1,2,26.2.2,2026-03-20 18:04:39,,,26.2.2
b5209baa-c4c7-41b5-9a89-2b79935df7e8,여행,https://play-lh.googleusercontent.com/a/ACg8ocJI5aJ2KLbNb2dAW1MU3H7iZxFVirouOqasgcLNE90KdDaet4U=mo,내친구 카카오톡👍👯‍♂️👏,5,2,26.2.2,2026-03-20 17:52:43,,,26.2.2
3f1d1d24-0424-4bcd-adf8-b161a0e00442,조수현,https://play-lh.googleusercontent.com/a/ACg8ocKtjn4hyb34rxI5ATXQcLOxzxk2sLW_b_Jbx-MI1YK5uqebvw=mo,카카오톡이 안 좋아,5,1,2.0.0,2026-03-20 17:15:46,,,2.0.0
4f09b672-e383-4a7a-817f-c0e9d3730c90,DK,https://play-lh.googleusercontent.com/a-/ALV-UjUHlUn5IJ3-frUB72XYSGyQussa6q-dT_w65ffy0PiE8uulW9dU,진심 궁금한게 있는데 프로필 사진 변경이나 새 게시글 올리면 왜 바로바로 안올라가는거임? 가끔가다 그러는데 제발 버그 오류 좀 하....,3,35,26.2.2,2026-03-20 16:55:58,,,26.2.2
23715180-8241-4a44-ab8f-11a34b43c979,K U,https://play-lh.googleusercontent.com/a-/ALV-UjV54FzDIA_jxIFIPlt3t6ieDTSwxzQjjAANwOUesjzhSFrlvVq84Q,어떻게든 업뎃 시킬려고 페이머니나 그런 다른 서비스는 꾸역꾸역 업데이트 해야 사용가능한게 상당히 역겨움 아니? 그냥 카카오 행적이 개 역겨워죽겟음,1,2,11.3.2,2026-03-20 16:55:23,,,11.3.2
bcaea460-5420-49af-9e72-5e467eb03e44,승준,https://play-lh.googleusercontent.com/a/ACg8ocL62wD2rIZ2dZP8woIpIC0EGLtxgN22_TLM5czrdFuTos17FDE=mo,제발 댓글기능 없애주던가 생겨도 답장한거에 답장할때 누구한테 답장한건지 제대로 좀 뜨게 해주세요,1,3,26.1.0,2026-03-20 16:44:32,,,26.1.0
719618f6-397b-4e16-96d8-9453ac27a0cc,윤준혁,https://play-lh.googleusercontent.com/a/ACg8ocLHmHjbBm--VzuZPjATF9gM7O-OSWgk1stzTz_vZLUVK4hpraJ9=mo,"업데이트 안하고 버티다가 강제 업데이트 된거 같은데 정말 쓰레기같이 변해군요. 업데이트된 친구, 생일인 친구라도 접을 수 있게 하던가... 곧 망할듯",1,2,26.2.2,2026-03-20 16:42:57,,,26.2.2
cec196f1-524f-42dd-82cc-9012f310a5de,얍실이,https://play-lh.googleusercontent.com/a/ACg8ocJ1o6jycoYV1557tieWztWozjh3RgvB3z1u3hHQzggGRL8afQ=mo,걍 기업해체 ㄱㄱ,1,2,25.7.3,2026-03-20 16:23:35,,,25.7.3
b1983a00-d459-4f80-b806-7726f9e1eaee,마자용,https://play-lh.googleusercontent.com/a-/ALV-UjWR1FAfnmW0Qk0eawGnVX3-BTOqZNAG5buDUe_sTIJQcmhmw6U,기업이 독점함,1,2,,2026-03-20 16:22:04,,,
25b9f1d5-169a-4bff-a0c6-f9b99a1edbe9,왕밤빵,https://play-lh.googleusercontent.com/a/ACg8ocLeCGCs5X8vPwktSQCJYXUbCH4t42HutykmksGP9mh1JZf8=mo,아니진짜 카톡 다시 되돌려놔요 생일 접기도 안되고 업뎃이랑 친구장 다 접어놓고 즐겨찾기만 열어두는데 진짜 개지저분해졌네 아 카톡 진짜 정떨어지게 하지말고; 이악물고 끝까지 업데이트 안 하려고 하는데 이걸 강제로 해버리면ㅋㅋㅋ정떨어짐,1,3,26.2.2,2026-03-20 15:27:34,,,26.2.2
42669667-ec7e-4b3a-bec6-1ece2f44b23a,박진형,https://play-lh.googleusercontent.com/a-/ALV-UjVwfFSe0yoL-iABgVHnEnrN_WrTjzfqL1IrCNuA0JDo2TxUeI5F,실행할때 첫화면에 소식탭이 나와서 깜짝 놀랍니다. 첫화면 선택할 수 있게 해주세요,1,2,26.2.2,2026-03-20 15:25:48,,,26.2.2
86d3d740-10fe-477d-83de-fa60285f2af8,짱지의하루하루,https://play-lh.googleusercontent.com/a-/ALV-UjWJsu_rJy6oNknonMdQRqixxouFlAXFOAAkFTJx5Mw0yeM8nTMQ,"생일 공개하고싶지않고, 생일인친구 알고싶지도 않으니 내생일 비공개기능, 화면에 생일인친구 안뜨게하는 기능ㅡ넣어주세요",1,2,26.2.2,2026-03-20 14:34:53,,,26.2.2
f7f28878-6b4e-4b13-b2a5-43bc1a6e65d3,Alex Jung,https://play-lh.googleusercontent.com/a/ACg8ocLP_eTgVcV8wsxeLhQL2PWDvWJEDmFB6bErnfVUv46Av81rxA=mo,쓰는 이에 집중 = X 쓰기 좋게 집중 = X 강제 업뎃됨,1,2,,2026-03-20 14:13:09,,,
ca0ecaeb-c1b9-4fe8-8210-0d42fdea5f09,양상일,https://play-lh.googleusercontent.com/a/ACg8ocIXCg4wLwi22fp-u3QqpTfH7G-wzFrXO_2jRLVIMAy0y57ayA=mo,말드럽게 안듣네. 탭같은거 처만들지 말고 채널을 분리해달라고... 이거때문에 카톡을 점점 안보게 되자나 ㅡㅡ 그리고 왜자꾸 껐다 키면 프로필 먼저 뜨냐 짜증나게,1,2,,2026-03-20 14:01:36,,,
1f729c32-8a96-4fc4-abba-774a8facbb18,김민호,https://play-lh.googleusercontent.com/a/ACg8ocJJsgox3X152sm6BBopppUVK8B66jOdMDbrbf_xjJASzAeI8A=mo,고쳐줘요,1,2,26.2.2,2026-03-20 13:56:44,,,26.2.2
c9accf7d-cbba-4d4e-bbc2-7bd2602e0c1c,정유진,https://play-lh.googleusercontent.com/a-/ALV-UjV4JExIjSkiWBygfGHzWmqy3iRg9jeb20TLX4lZLZYGcqztBU199g,댓글 기능 빨리 없애세요,1,2,26.2.2,2026-03-20 13:24:59,,,26.2.2
acae94c6-3806-4c21-91c6-490238f26cd8,Davin,https://play-lh.googleusercontent.com/a/ACg8ocJk-eGS_pgj5CoWggVnlawOuyxondirf7fk3fyBd4sDDAqSyA=mo,자꾸 알람설정이 초기화돼요,1,1,25.9.0,2026-03-20 13:15:12,,,25.9.0
eecf4855-0846-4f89-972e-2e6d4fe478d3,poucelina White,https://play-lh.googleusercontent.com/a/ACg8ocKakVbzNMmSmmk875pHhf_Cv4XThDoEWm7pWT0xi0VrRIb17w=mo,굳이 필요없던 댓글 기능이랑 숏폼기능으로 그간 원활히 사용하며 없던 랙과 불편을 업데이트한 뒤로 업데이트 하랄때마다 두려워하는 중,1,2,26.1.0,2026-03-20 12:10:28,,,26.1.0
05bd336a-d6e8-4b27-921b-4774fe4fb220,비01,https://play-lh.googleusercontent.com/a-/ALV-UjU-uFNfoQ4cnw7AS8PsYvr5dOEfsVifiFCSoFrSpl4AlUZGDKs,롤백하긴했는데 라인쓰다왔더니 깔끔하게 느껴지진 않네요,2,3,26.2.2,2026-03-20 10:30:27,,,26.2.2
fccc18b2-51c9-4bbf-9901-acb2861e75bf,Banktree,https://play-lh.googleusercontent.com/a-/ALV-UjXkXTK6Et6fh8J7Go9QZH9c01Uv4KhSGobBO9sve9_R93xdLf-M,응절대업데이트안해 202507버전,1,2,26.1.0,2026-03-20 10:24:59,,,26.1.0
d44e2b45-e068-4804-a268-4fd3b67bbd33,공정훈,https://play-lh.googleusercontent.com/a/ACg8ocJlC4BA5hqQDi5NPsmNMw_QwUUs0HUShSb5K9ApAy-c1Axwhg=mo,감사합니다,4,1,,2026-03-20 09:39:49,,,
feb8af69-e16d-40b0-a5ef-4ee1ec7c7b6f,김짱,https://play-lh.googleusercontent.com/a/ACg8ocLOE2zUTNCvvrF0jxiAg_dn2N8Mad591nWxtTVj1__lJb08tQ=mo,왜자꾸 니마음대로 업데이트 하는겨 짜증나게,1,2,26.2.2,2026-03-20 09:06:26,,,26.2.2
e789f211-be17-4b79-b6c0-21a4f2d095da,Dongmin Ahn,https://play-lh.googleusercontent.com/a/ACg8ocJ62FZMpsndkb5SeC1zd50WENo8ucbwR0Q4FDrYf7lj9q_MyA=mo,소식 탭 안보이게 좀 해주세요 기본으로 소식탭이 먼저 뜨는게 말도 안되자나요 ㅡㅡ,1,2,26.2.2,2026-03-20 08:42:16,,,26.2.2
b9bbaeb6-a912-4be2-adb5-d873c44ab031,박경숙,https://play-lh.googleusercontent.com/a/ACg8ocL35zk1cxRG7kTbCE9QI7FrxvA_fBpPQBl9xKzsMVC37s2RlQ=mo,"로그인이 안되요 무슨 로봇 vs 인간 찍는것도 아니고 정확히 비번/번호/이메일 하는데 ""인증할수없는 전화번호입니다"" 이러고 이메일은 되는데 비번 바꿔도 안된데요 좀 고쳐요",1,2,26.2.2,2026-03-20 08:28:02,,,26.2.2
1e77bc08-8da7-4a27-8f39-ada31f8292e4,anubis,https://play-lh.googleusercontent.com/a-/ALV-UjXW6kz9Us3EFy_RlbQ7DTLsRDpZvLcZRSLgrnYZvJ58nRgd1g,시장선점 원툴,1,2,26.1.0,2026-03-20 07:56:14,,,26.1.0
84eb21c9-5eda-4839-acc7-219fbfc228cd,임도윤,https://play-lh.googleusercontent.com/a/ACg8ocLEqF51e4y12iS9IECzkPYCPJRu556yCzaVedd_yorQYqPD9w=mo,좋다,5,1,26.2.2,2026-03-20 07:38:33,,,26.2.2
3eabe206-d58d-4498-9767-bc5ed75963e3,주은미,https://play-lh.googleusercontent.com/a-/ALV-UjXViNgrTDArW0PYkQL_EXYDKiIPC_fh1epmqPSL4q2n7Y3k7uumsA,카카오야. 오픈채팅 알람끄는데도 알람 계속 오는 버그는 언제 잡을거니???? 앱도 구리고 qa도 안하고...,1,9,26.1.0,2026-03-20 07:27:53,,,26.1.0
9f45468e-2970-4a97-baa3-87887a7301a7,슈리,https://play-lh.googleusercontent.com/a-/ALV-UjWw5RcEHXJNozJfKsQBs9Sf-G6ZBHi3lYEUAFy7j81ycBteBPI,"최악이라는 단어만으로도 부족할만큼 쓰레기이상급으로 그지같은 앱이 되어버림. 무슨생각으로 숏폼을 집어넣고, 쓸데없이 채팅 댓글기능을 만들어놨는지 도통 이해가 안됨. 기능을 추가적으로 만들면서 본인들이 체크 안하시나? 불편한부분들을 왜자꾸 집어넣는건지 왜그러나 싶고.. 무슨 어울리지도 않는데 무작위로 쑤셔박아서 만들어 놓는것같음.카톡업데이트 할때마다 불필요한것들만 자꾸늘어나고....예전 심플한상태가 제일 좋은데 왜 그걸 모르는건지..사람들이 기존버젼이 좋다고 그러는데도 쓸데없는 기능들만 추가시키고 사용하기 점점 불편하게 만드는건지....",1,2,26.2.2,2026-03-20 06:25:49,,,26.2.2
2d21663e-3492-4490-8068-906a48badfd7,보노보노,https://play-lh.googleusercontent.com/a-/ALV-UjW12QilrK_Ki2iHWBMWrzos5u_E1e44HsVkKE4W6eJsRVJ50mOG,이상한 광고 넣으면서부터 업데이트안한다. 운영자바꿔라,1,2,25.11.0,2026-03-20 05:50:00,,,25.11.0
151a17cd-00e6-4973-8814-f73d3fdc9c33,킹스베리,https://play-lh.googleusercontent.com/a-/ALV-UjWQiXuEtmalgHOsxWftSTDps582cvSKxfMlt16Yi10GfyevomLc,롤백한다더니 아직도 롤백 안함? 레전드표독스러움 돈미새들 응 업뎃안해~,1,2,26.2.2,2026-03-20 05:31:14,,,26.2.2
748314bb-d105-4665-a328-4ca82808009b,minseok Lee,https://play-lh.googleusercontent.com/a/ACg8ocLJZFadY2kk-GPikKi3CjRdPi4XhjOPhM-9CrZOOtKd0-Iang=mo,너무너무너무 삭제하고 싶어요. 정말 싫어요. 대체어플 나왔으면 좋겠어요.,1,2,,2026-03-20 03:35:47,,,
0a6197e0-4e06-40ea-9db7-4e0d6499dc29,Adel Kim,https://play-lh.googleusercontent.com/a-/ALV-UjWDeHY7mWO2Mqmoq5GzXYpy2dPNGsR_b6aWjcCsNqrFuXYI-q5g,오픈채팅방은 채팅이 아니냐 도라이들아,1,4,26.2.2,2026-03-20 01:40:24,,,26.2.2
e997f08e-9de4-4f90-a488-1fc51aa98944,꾹민이NUNA,https://play-lh.googleusercontent.com/a-/ALV-UjXEnOWbWDaP0INfmff2exVSHKwaC078pa-CKGKYwFYpktJFa5_m,댓글기능좀처없애주세요!☺,1,2,26.2.2,2026-03-20 00:47:11,,,26.2.2
87ca1259-cd81-41bf-ae84-7ce7876e100d,z vv,https://play-lh.googleusercontent.com/a/ACg8ocIcAyEpn8om4vdSuGqa4BnECJCDA1Z-6ihGkRQqdPE6gulV6g=mo,"안녕하세요. 아이패드에서 굿노트 및 기본 '파일' 앱을 활용해 수년간 자료를 공유해온 사용자입니다. 최근 업데이트 이후, 아이패드에서 카카오톡으로 파일을 [공유하기] 하면 한글 파일명이 전부 '%%% ' 형태의 외계어로 깨지며 파일 형식 오류가 발생합니다. ​시스템의 '드래그 앤 드롭'으로 끌어다 넣을 때는 정상이지만, 기본 공유 기능을 쓰면 파일이 다 망가집니다. 수십 개의 자료 이름을 일일이 영어로 바꿀 수도 없는 노릇인데, 이 정도 기초적인 인코딩 오류도 해결 못 하고 방치하는 건가요? ​조속히 업데이트로 수정해 주십시오. 현장에서 자료 전달이 안 되어 막대한 지장을 겪고 있습니다.",1,5,26.2.2,2026-03-19 23:59:29,,,26.2.2
85630dd1-3b32-4e07-8d86-93b604671507,LeKAKiD KiNG,https://play-lh.googleusercontent.com/a-/ALV-UjXrSGMxS3vpY9gcrJT5fTTn4mRIkIhmbo5wYZRkcB_0cjbXxi-E,슬쩍 바꾸더니 그새 소식 탭으로 자동이동 넣어놨네,1,2,26.2.2,2026-03-19 23:32:43,,,26.2.2
c626b626-637d-40f7-afac-5aa824926232,성이름,https://play-lh.googleusercontent.com/a-/ALV-UjWeWG4bBrd17-a8Og6_9VZIpDW1IIOed5xw2ZECqOFtZo1G3dyg,오픈톡방 답장기능이 편했는데 왜 댓글기능으로 불편하게 업뎃해놨는지ㅡㅡ 진짜 카톡 자꾸 이상한 업뎃좀 하지말지,1,36,26.2.2,2026-03-19 23:07:00,,,26.2.2
58e810db-7230-4b94-b5bf-f26cd86b1e3d,민혁,https://play-lh.googleusercontent.com/a/ACg8ocIIQcZNVwPj82VaIUBHFyHVLLxVozNkD0itqpguW0ATXvfH=mo,제발제발 숏폼좀 없애주세요,1,2,26.1.0,2026-03-19 22:55:12,,,26.1.0
0af057d6-1d9b-48fc-8768-0e8178edd0ce,4-20,https://play-lh.googleusercontent.com/a-/ALV-UjX2Q0y313-cPJF2Fuw53gz7Rzoj2ocEDflUNdKloXpwMonot4E-,메신저는 매신저답게,1,2,1.5.5,2026-03-19 22:26:07,,,1.5.5
c82ac64c-bd2f-425d-b853-593f98b6a9c5,정지유,https://play-lh.googleusercontent.com/a-/ALV-UjURx8Vut62Yb1Ze98c5nMrBRcVV8AONP2ltzIEIL8XY_O79Dtdg,이모티콘 환불기능 만들어주심 안될까요......ㅠㅠ,3,2,26.2.2,2026-03-19 22:22:46,,,26.2.2
6c43ff71-49f1-4e41-bdb3-a7d81939d815,Minsun Lee,https://play-lh.googleusercontent.com/a/ACg8ocK4VuvERMSHuypwNNCC0HtzqMmFsZQfxfiYEpwgOuxiIBFcbQ=mo,댓글모아보기 삭제 해주세요.댓글이 카톡방에 보이게 해주세요.,1,2,26.2.2,2026-03-19 21:45:37,,,26.2.2
0fd29131-2745-47fd-a87d-f56e31bb76b6,이상용,https://play-lh.googleusercontent.com/a-/ALV-UjVilvyyIhVn5xqlxmnVQw36GO4Do898WvyL2IywXb1c_EsZXOjq,그냥 제발 돌려놔주라.. 나 8년째 쓰고있는 기기인데 다른거는 그렇다해도 11업뎃 안된기기 사용중단은..,1,2,26.1.0,2026-03-19 21:17:23,,,26.1.0
9103f57c-a6be-4f62-838c-14939000ab4d,체리카드값줘,https://play-lh.googleusercontent.com/a/ACg8ocKIUcq3Vt7dYjv6cqxUces-yhO--vgQkSW0qbccSzTcBYaNETwa=mo,오픈채팅이 생성 안됨,1,1,25.10.1,2026-03-19 20:05:21,,,25.10.1
b2d34c4e-c5f3-4e22-855c-53e90b99738f,멜론러스크,https://play-lh.googleusercontent.com/a/ACg8ocK1bKAH6sRb3Th763DAuYX37NmgX0OfxUjH2aIxqbdy-FXgCA=mo,이제 슬슬 카맵 장소공유도 안되는거 보니 카맵 안써야겠네,1,2,25.7.3,2026-03-19 19:57:32,,,25.7.3
1f93b863-f975-437d-b693-b076a287e94a,김연환,https://play-lh.googleusercontent.com/a/ACg8ocLABNDKCe7oRFxqbzUoojH9lsAW1npi7xuHvpsDicGECAVnbQ=mo,"(계정주 아니에욥 부모님 꺼로 변경 됐어욤) 음.. 네 뭐... 업데이트? ㄱㅊ아요 근데 ㅇㄴ 댓글이 에바에욥;; 숏폼러 욕하는 댓글은 검열 같은거 안됐는데 영상에 불건전한 드립쳐서 ""이거 무슨뜻인가요?""이러는 사람둘한테 최대한 좋게 알려줬는데 신고 먹어요.. 근데 여기까진 뭐 제가 봐도 이건 로봇이 사정 모르면 할만했다 싶었는데 ㅇㄴ 5타@쿠 용어만 말해도 댓정지 하는건 에바에욥;;;;; 아니 5타@쿠가 왜 비하발언이죠? 다른 용어 말해도 댓정 당해요.. 5지@콤 은 솔직히 취향인데.. 이것도 취향 비하 아닌가요?? 진짜 좀.. 그래도 5타@쿠 용어는 어떻게 좀 해주세요...ㅈㅂ!¡!! 이러면 자유로운 채팅이 아니잖하요!! 제발 좀 채팅검열좀 해주세요;; 비하발언을 쓴것도 아닌데 왜 비하발언 썼다고 댓정을 하시는데요 ㅋ큐ㅠㅠ 제발좀 읽으세염 진짜 이거 안고치면 초심 진짜 잃은거에요 ㄹㅇ 여러분 어이없공 이상한 분 많으니깐 채팅은 치지 마셉요 ㄹㅇ; 1점 많음 리뷰도 좀 보세욥!!ㅠ",2,4,26.2.2,2026-03-19 19:38:06,,,26.2.2
3af5a634-52de-4d3b-9bf2-9216adc0ab36,Minsoo Kim,https://play-lh.googleusercontent.com/a/ACg8ocJ18RQZ5dLV3_IMeuMdMut2aYp3QKHN3P1skEexzXR5Yt38yQ=mo,슬쩍 친구목록 말고 소식탭 우선적으로 뜨게 업뎃했네? 친구목록 한번 더눌러야 들어가지게 ㅉㅉ,1,5,26.1.0,2026-03-19 18:21:24,,,26.1.0
6e25318c-17e1-49a9-b428-d1159e2356ee,mjc student,https://play-lh.googleusercontent.com/a-/ALV-UjXMnx6e6S8-6aFdFuCg8Uo_Ftz_O0b_gxz8cLwT3YKYlFQ3yrA,무료 백업 불가하게 막고 무조건 유료결제 유도하는거 레전드,1,2,26.2.2,2026-03-19 17:49:15,,,26.2.2
0fc03193-5eb8-475a-9140-e7fe64ca6174,oy J,https://play-lh.googleusercontent.com/a/ACg8ocL_oTtSwBH9Pq0cxt6NhPZmrqCcXVsBJliek9R41Ez5X4vuLQ=mo,이놈의 댓글기능좀 어떻게 해줘봐요 이런걸 왜 만든거예요? 가지치기하듯 방이여러개 만들어지고 방에도보이게 체크해줘야 다 볼수있고 불편해요ㅡㅡ,2,2,26.2.2,2026-03-19 17:19:55,,,26.2.2
b82f152e-51e5-4860-b6d6-45f15cfb40da,김쩐설,https://play-lh.googleusercontent.com/a/ACg8ocISo8QZs8jzTJI9VRigdrIVHMtoamo4CjEefofX3ALfWbi_T8_B=mo,아주좋아요,5,0,25.7.0,2026-03-19 17:12:52,,,25.7.0
9393b838-ba3d-4097-b5cf-e9a5e1de4787,방용식,https://play-lh.googleusercontent.com/a/ACg8ocIjE9KHY-_nxfv9CkVVxiz5RzsEIMaW2PeTBRv2Natbt8OHWcg=mo,앱을 설치하고 사용해봤는데 장바구니를 통해 주문하는 시스템이 편리하네요. 이런 용품들은 보통 직구를 통해 구매하거나 오프라인으로 직접 구매했는데 이렇게 편리하게 이용가능한 줄 몰랐네요.,5,1,25.11.2,2026-03-19 17:12:47,,,25.11.2
f093d8cc-ea5f-44cf-8fe5-be5c21fe4e3d,남순아,https://play-lh.googleusercontent.com/a/ACg8ocLppOnZgx6r_bpjAJHZjuup3hM_-cpmWQIDUS96j_iJMeQb9w=mo,카톡에 들어가서 소식 누르면 친구들 프로필 크게 뜨는것좀 없애주세요,1,2,25.9.0,2026-03-19 16:58:48,,,25.9.0
18b92289-e0bf-43d0-95ef-0b1cdf2ebca6,ᄀᄂ,https://play-lh.googleusercontent.com/a/ACg8ocIkY0lruRNarEN2ZXP5Y-MUu6TAxQfSoYMPDgqQjCs8jEyotg=mo,숏폼도 소식도 맘에안드네..,1,2,26.1.0,2026-03-19 16:00:18,,,26.1.0
9ef72c8e-d56b-4b85-a8b5-6ece458d33b0,정재영,https://play-lh.googleusercontent.com/a/ACg8ocLr-WkxE21lvvmzm-W6l-l8bbx-sYc_YHLbwcpCk21FTbMJMw=mo,분명 업댓 막고 썼는데 갑자기 업뎃되어 있음 개열받네 쇼츠를 카톡으로 누가 보냐고 광고창을 키우던가 뭔 쇼츠여 발악을 해도 카톡이 sns가 되는 일은 지구가 멸망해도 없어 정신차려라 제발--,1,5,26.1.0,2026-03-19 15:16:24,,,26.1.0
d57a932a-5e50-4e21-8a1d-1aed14d356bc,이민정,https://play-lh.googleusercontent.com/a/ACg8ocLM1YP5j3ykEF1qnWyfhMfp8cXlFw5v_H6dBYGc-cfIrKIkUQ=mo,별 한개도 아깝다 뭘 하지도 않고 번호 변경하고 카톡 다시 깔았을뿐인데 정지당함 .이러니 별점이 내려가지,1,2,26.2.2,2026-03-19 15:01:41,,,26.2.2
9514237d-3023-4bf8-a493-15b9a28d7715,모현우,https://play-lh.googleusercontent.com/a-/ALV-UjUM85QRm5T8pTcRBdIeWvB_oFcMdL6u7XhSviE7U6x04r-9txTZ,안보고싶은걸안볼수있게해달라...,1,4,26.1.0,2026-03-19 14:57:11,,,26.1.0
33851364-dc71-4ee8-ad68-99dafe6d6634,Song I Jang,https://play-lh.googleusercontent.com/a/ACg8ocLPLHPbQ7oyRzTuz133UD0bS4az5rFTryN00GXd62GL25smlQ=mo,업데이트 한뒤 자판 오타가 너무 나와요.,3,1,26.2.2,2026-03-19 14:53:56,,,26.2.2
af8af242-e3f9-48fd-bba6-569625258503,이상민 (크아아아),https://play-lh.googleusercontent.com/a-/ALV-UjUM627yZ-T6eT15JdUmD6Mqd3Pvzwl_SgchdeoLEJOkvGteg5U,"회사 메신저라 어쩔수 없이 사용하는데 이제부터 카카오 선물, 택시, 게임, 뱅크 카카오 관련 모든 플랫폼 불매한다. 숏츠가 왜 있는지 모르겠네 동영상 플랫폼도 아니고",1,36,26.1.3,2026-03-19 13:56:00,,,26.1.3
c8a89c91-2456-4d0d-9e3a-6d5954a770c6,대일밴드,https://play-lh.googleusercontent.com/a-/ALV-UjWyAjk5ql9JBPftSLvJGKaPRTvY2B-p-D25dO1wIvW30F90JzKk,또 이번 업데이트에선 카톡 친구목록 화면에서 상단바가 블랙테마에서는 시계랑 아이콘 글자가 블랙으로 바껴서 안보임... 진짜 대기업 ui 팀이 이정도 인가..,1,8,26.2.2,2026-03-19 13:04:03,,,26.2.2
83c8f0b7-656e-42c3-af6a-1d91589891dc,김진호,https://play-lh.googleusercontent.com/a/ACg8ocKSVZ25GFawaQZFOVS3Tgo6q-XmkCfaGDKLt0t6AW1HFoQcCQ=mo,마지못해씀,1,2,25.7.3,2026-03-19 12:31:18,,,25.7.3
75dd10b5-4911-4825-a9ed-6960f5e40216,JUN HO Kwak,https://play-lh.googleusercontent.com/a-/ALV-UjVTUEc0zGVccFJ4CchMJE9N6TatDGbz3vjaysHL5uWaBwvmNS4,최고입니다,5,0,26.2.2,2026-03-19 11:48:04,,,26.2.2
ab38b47e-7ac6-4259-8f50-70cc929140c3,안미애,https://play-lh.googleusercontent.com/a/ACg8ocL_gASslvTSUs-sHU5T7HjrtH_GiKuAEWreevUOe0bjVOg9Og=mo,앱 업데이트가 안돼네요 도와주세요,1,2,10.7.4,2026-03-19 11:41:22,,,10.7.4
1a4eac7d-2419-4159-ae72-33457b1a7d5c,안지영,https://play-lh.googleusercontent.com/a-/ALV-UjVvoH7iIj8hCZ4545cbYXxJMwbpAk4ekp8wMiCXOv-4PnD4BYeG,구형폰도 카톡 사용 중지시키다니 최악이네요 4월달 부터라고 해도요,1,2,26.2.2,2026-03-19 11:17:21,,,26.2.2
134e62cf-7a34-4125-be3e-6e982a4cc598,오세빈,https://play-lh.googleusercontent.com/a-/ALV-UjUcYW4WtvlXkcnXwrsU8bnuYJoVdEYSbXZU2ORxQNV1Kw3PjQQN,댓글기능 업데이트 필요없고 그냥 없애라고,1,2,26.2.2,2026-03-19 10:54:16,,,26.2.2
2e631590-7824-4e09-a026-04d38a8439ea,Master Wind,https://play-lh.googleusercontent.com/a/ACg8ocKUKzP7_WzW3rgh2TbMQkAN-KDhiJg74AgqnXxDP3pu-_Y7hA=mo,"2025. 강제로 보이는 넘치는 광고와 내가 원치 않아도 튀어나오는 숏폼들 사이에서, 겨우겨우 메신저 보내는 느낌. 예전의 편안한 톡이 아니다. 2026. 메신저다운 메신저가 될 때까지, 카톡으로 구매하지 않기 실천 중",1,9,26.2.2,2026-03-19 10:39:23,,,26.2.2
0ee0ce23-c477-497b-bcdc-a3d1a642d626,김재승,https://play-lh.googleusercontent.com/a/ACg8ocKVF4Ev3sAniQdcaA9bPjFP3S7DH_G32t5nRqwGFI0b6BtA1g=mo,진짜 폰만 안바꾸면 업데안하고 쓰는데 바뀌면서 숏폼/오픈채팅 개짜증나네 숏폼 동영상재생 꺼도 늘 숏폼화면으로나오고 아직도 부장님쉰내감성유지 중이냐?,1,2,26.1.0,2026-03-19 10:35:29,,,26.1.0
013b62aa-a7b3-45f0-b39e-b6242865d685,하늘을나는팽귄,https://play-lh.googleusercontent.com/a/ACg8ocLCst-CTz61zFidXG1JX3gQDpac3ubmcc1SV4F1CoQQI0025Q=mo,명의를 바꿀 수 있게 해줄 수 없나요? 지금 사용하는 카톡에 중요한게 많은데 계정을 다시 만들면 대화들이 다 삭제 되어서 계정을 다시 만들지도 못하고 있어요. 사용하다보면 제 명의가 아니여서 인증하는데 많이 불편해요.,4,0,26.1.0,2026-03-19 10:31:14,,,26.1.0
46040ded-0d43-4fa9-8133-605a6cbf84ac,김은혜,https://play-lh.googleusercontent.com/a/ACg8ocI5IgOfyi-fvmAL-dabHEpL-k4XLdOF7di5veySjS6hjw7PaQ=mo,카카오톡이 있어서 좋아용 그 이유는 무료로 할수있잖아용,5,0,25.11.2,2026-03-19 10:09:37,,,25.11.2
15aef155-8d7e-4c03-a9ea-1c1993a8b7cd,흐리꾸리,https://play-lh.googleusercontent.com/a-/ALV-UjVBzsgs944ORTdXaNmOWmJ2ONVrPg-yG8E-1VTAvSEr_wb80sEV,대화방에서 이메일주소 쓰면 하이퍼링크가 걸리는데 밑줄 간격좀 벌려줘요 j 랑 i 랑 헷갈리고 그러는데 왜 밑줄을 글씨랑 겹쳐놓는거에요?,1,1,26.2.2,2026-03-19 09:47:08,,,26.2.2
3b22c483-2998-488e-9242-1264ccfc9ee6,이현아,https://play-lh.googleusercontent.com/a-/ALV-UjWiF1iJD-sFfZn666sDke2PV5L_xJZlUlQpwkp9Y6Q5xmJ260A,카톡불편하다🍋‍🟩오만친척다보는데 사진대문짝,1,2,26.1.0,2026-03-19 09:43:43,,,26.1.0
29afdb0a-e400-4587-9c6b-98bc38c44d7f,Sungmin Lee,https://play-lh.googleusercontent.com/a/ACg8ocKejlaTNp6Teb-rdvH0aVDzk1q4NkQPnIEyC0Y-Y8_gsg7DMA=mo,아니 숏폼좀 삭제하라고 관심도 없는거 사람 짜증나게 하네 진짜,1,4,26.2.2,2026-03-19 09:31:01,,,26.2.2
14ba79c5-0143-4628-a2fd-a4fb026379a1,군의관신체등위판정사실행위,https://play-lh.googleusercontent.com/a/ACg8ocK20cJS2xnI1vAAJd-kI8lmifM6CB3Qjzc2DhxGHw1it6JjhQ=mo,"꼭 계좌 삭제하고서야 자동계좌이체 등록 됐다는 알림 뜨더라. 3일 뒤에 해지 문자 온다는 것도 그렇구, 결국 오지도 않고 그짓말쟁이",1,2,25.11.2,2026-03-19 09:27:45,,,25.11.2
dfbcccd4-f16c-417b-8327-2d141a0f8a03,여김규한,https://play-lh.googleusercontent.com/a/ACg8ocJacIe5XHfwtNHMOgrL5cVZKbtXOLVL1t2Y95q1rbc6H2tFgg=mo,가격대비품질이아주좋아요,5,0,26.2.2,2026-03-19 09:26:28,,,26.2.2
c20fabcd-4f36-4e02-844b-b1e2d6450980,호두까미,https://play-lh.googleusercontent.com/a-/ALV-UjXN-5o6lSKZzcXFqfh6bqR80uexdb7qTBLN8QUfnXdSbrnFeRul,아니 얘네는 친구 사진 크게 나오는거 싫다싫다해서 겨우 친구 목록 다시 만들어놓고 왜 지들 맘대로 앱 실행할 때마다 또 커다란 사람들 사진 보여주는건데 개화나네 진짜 오픈챗이랑 숏폼도 분리좀 처해라,1,38,26.1.0,2026-03-19 09:09:14,,,26.1.0
b11bb621-6e4d-4e57-a441-281f18306c7e,박중현,https://play-lh.googleusercontent.com/a-/ALV-UjWl7jkreedf70iBbvpRr_kdLf81ykiQ0gtAry3DBuC3r_pCwYb1,"생일, 업데이트 친구 숨기게 해달라. 불쾌한 앱이 되고있음.",1,1,26.2.2,2026-03-19 08:38:06,,,26.2.2
c65c5d3f-afba-46cf-99fa-29dbc791145c,빡은지,https://play-lh.googleusercontent.com/a/ACg8ocIZEL0eC_Htr5vBLzci2AcrBxBXhRXx7A6oc5EoOl5qylRCEQ=mo,자동업뎃 막아서 와파에서도 모든앱이 업뎃안됩니다. 수동으로 업뎃해야하는뎈ㅋㅋㅋ 이건왜 버티고버티고버티고 업뎃계속안햇더만 지혼자업뎃됐눜ㅋㅋㅋㅋㅋㅋㅋㅋㅋ,1,2,25.2.1,2026-03-19 03:41:31,,,25.2.1
a7d24456-eed0-454b-ac3e-41d4b25dc9e9,hawoo Jung,https://play-lh.googleusercontent.com/a/ACg8ocKxTHlR1C58ZoXfn2BcVbibFyesaiX2yEk74tFOFjzENtFJSA=mo,정말 싫다. 이제 폰도 새로 사야한다. 강제 업뎃을 하냐,1,2,,2026-03-19 02:46:35,,,
102111d4-4b52-495d-b382-49a06e6d73c0,Ji Su Kim,https://play-lh.googleusercontent.com/a/ACg8ocKncFvf8BWSQeOI-lDmVOI5dHX1Rw5t2AhzRHjSettoBdUJPw=mo,왜 미성년자에게 숏폼을 제공합니까? 숏폼을 차단하려면 서류를 그것도 매년마다 제출하라는데 반대로 숏폼을 허용하려면 서류를 제출하는게 맞지않나요? 무슨 의도로 메신저앱이 이렇게 유해한 앱이 됩니까?,1,2,25.7.0,2026-03-19 01:18:13,,,25.7.0
53480b38-0e48-4df0-9c19-b55795368cf9,_리노,https://play-lh.googleusercontent.com/a-/ALV-UjW3QUB2KzDWPIZoOwBpJjcOt4Rg6otn6Ix_yiOlT99yMgr2LsLv,"상대방이 아니면, 선택한 사람이 공감표시를 하면 알림을 떴으면 좋겠어요",3,0,26.2.2,2026-03-19 01:08:59,,,26.2.2
f994c998-5344-489b-88da-29b540a39a63,야기,https://play-lh.googleusercontent.com/a-/ALV-UjUQcRNccTwe-s5jo6eQFleT3DoZRoB-HCb2dqxg4qkAIhsmDi9F,자동업데이트 꺼놨는데 어느 순간 갑자기 강제 업데이트 당했습니다 이 못생기고 무거운 소식란이랑 숏폼 꼴도 보기 싫어요 가벼운 메신저 앱 장점 이제 1도 찾아보기 힘드네요 마이너스 별점이 없다는 게 한탄스러울 정도입니다. 최악의 업데이트이니 빨리 라이트버젼을 내놓던가 롤백하던가 하세요 붐따 맘 같아선 지워버리고 싶습니다 압정드세요,1,4,26.1.0,2026-03-19 01:04:24,,,26.1.0
8e31a31a-3028-4d27-8f89-4b2fcbc7828b,여기저기,https://play-lh.googleusercontent.com/a-/ALV-UjUgW4fDFaAWzcZTkt6sJGj9tnIMUfLyC3n4EJifCuDcB4beoj8,옾프 오픈 프로필 제발 5개 4개라도 해주세요 너무 적음 ㅈㅂ 부탁드립니다,5,0,26.2.2,2026-03-18 23:51:27,,,26.2.2
c2fc2d40-aec5-44d8-a438-dcaf3b38ac68,dan dan,https://play-lh.googleusercontent.com/a/ACg8ocIP-DfDXSI1Cq08T9HQP5t-lrx3e6S24T4zd1AeHjvOKkACAQ=mo,별0개 주고싶음. 최악. 어쩔수 없이 업데이트했는데 업데이트 한 친구 목록 계속 뜸. 거래처 사장님 프로필 업데이트한 내역을 꼭 내가 알아야할까?,1,4,26.2.2,2026-03-18 23:23:55,,,26.2.2
1939a4d2-918e-4a41-b7c7-7169518ddb3d,이지은,https://play-lh.googleusercontent.com/a/ACg8ocLi8SDOWk-ylGYcgUxnY5JFQmD0cbgspvIBvHm5a9AAIQPjoQ=mo,일반문자보내보니까돈이나오고그래서카톡있는말에엄마랑같이스마트폰바꾸면서카톡을하게되었네요.외국인들도카톡하는것같은데세상이좋아지는것같네요.카톡잘사용하겠습니다.감사합니다.,5,2,26.2.2,2026-03-18 22:52:52,,,26.2.2
531f4559-5f16-46a5-986b-057af94dc34a,김세종,https://play-lh.googleusercontent.com/a/ACg8ocJ4sS80ogMEb_wQiw394Ee0GLn3yr5q0F3rhZO7HnQbil8W6w=mo,평점 1.2점ㅋㅋㅋㅋㅋㅋㅋㅋ,1,11,26.2.2,2026-03-18 22:44:29,,,26.2.2
b04214c7-30ce-40c0-8dbd-486d3171f92c,김유진,https://play-lh.googleusercontent.com/a/ACg8ocKcUenBcmmMMj5N2Is3rT3Vds2dGYfyJ_Z9JBKguUijqeglag=mo,구형폰이라 업데이트가 안되는데... 그럼 새 핸드폰 사라는 말인가요?,1,2,25.11.2,2026-03-18 22:39:10,,,25.11.2
af28af52-f716-4617-8e01-5527182aabdb,윤영재,https://play-lh.googleusercontent.com/a-/ALV-UjW3phvnV55AetYxqCJ6v23LcfEIfKxD8foJk7wWmnYMZ8Hnki5O,전 버전이 훨씬 더 좋고 이 버전은 어린 저 도 힘든거 같아요,1,0,,2026-03-18 22:14:43,,,
16ddc8bb-56a7-43bb-80ef-0a2699d78042,ysoo B,https://play-lh.googleusercontent.com/a/ACg8ocJ1oeQx7yYHn7LUK1WiTJv3iRrUsHhFQY4KdTjEGQsLSswy8A=mo,업데이트 안하고 구버전 씀,1,49,25.7.3,2026-03-18 22:14:28,,,25.7.3
5f617405-697c-40bf-a99a-3530f84e5651,최석현,https://play-lh.googleusercontent.com/a/ACg8ocKBqIXX_ANR_wBzTWEU5lVVDHjGn0q2cL1XEc_TbcpGcbW-zQ=mo,제발 안녕가이드 삭제기원1일차,1,1,26.2.2,2026-03-18 21:52:06,,,26.2.2
2800137e-76f0-482e-bf80-478148794ed3,Uranus Uranus,https://play-lh.googleusercontent.com/a/ACg8ocJ7c-0y5rh8Hjc-oM0-tJvw1sC0A5zstb9bsRy0smj0XS1--g=mo,채팅방 알람을 껐는데 왜자꾸쳐옴?,1,2,,2026-03-18 21:44:40,,,
ae3e6c10-1bdc-4d23-8052-6d1785c146f7,유채리,https://play-lh.googleusercontent.com/a-/ALV-UjWTUCnN0zEBUXCk7QqjZgio06ysgxXuWKIGHz-hHzAVNTWjn84A,생일자 안보이게 좀 바꿔라 주가 더 바닥칠래?????,1,3,26.2.2,2026-03-18 21:42:13,,,26.2.2
1c5d49b7-b440-4d1e-83f4-462ebb902581,강태유,https://play-lh.googleusercontent.com/a/ACg8ocKzUViGsZuryymiuDBYXrBqclv9WyZfP7IzF7MGeuuO428wVQ=mo,숏폼인지 뭐시긴지 그거좀 없에줘요ㅋㅋㅋ,1,3,26.2.2,2026-03-18 21:31:08,,,26.2.2
7a80ac52-7d0d-4563-8418-ccafc6139864,박정윤,https://play-lh.googleusercontent.com/a/ACg8ocIwjh5kb21JuVvxDcf6O6XoopXiiBILt9vbQC2jDjoeUs57=mo,제발 카카오 되돌려놓으라고요!!!!!!!!!!퇴화된버전 직원들이나하세여 오픈채팅누르면 숏폼뜨는것좀 없애요 진짜 개구려,1,2,25.8.0,2026-03-18 20:50:36,,,25.8.0
58eb5cf2-cbe4-42ad-b0e4-3ab0d1733162,병아리메롱,https://play-lh.googleusercontent.com/a/ACg8ocJ9HsDKdSuNAl-tZsk8EoDyYwNNqsNxnYPlS2tT3IIKHO9MLw=mo,숏폼을 없애든지 댓글을 없애든지 하라고,1,4,26.2.2,2026-03-18 20:50:06,,,26.2.2
b477ae2a-5467-4ae9-904d-b674b4706ff6,Ryang Lee,https://play-lh.googleusercontent.com/a/ACg8ocIEwme414Ax9t134VgJqYxuR6vk3Un-1FEL6mMSqpDVESQu8g=mo,우왕 쓰레기다 정말. 업뎃 안하면 안되는게 생기네요? 카톡도 못보고 오픈톡방도 큐알로 못들어가고ㅋㅋㅋ 그러면 업뎃 할줄알았나 ㅋㅋ 쇼츠보기싫어서라도 안할거임. 걍 문자쓰고말지,1,2,25.7.3,2026-03-18 20:42:09,,,25.7.3
